unit_link,lith_rank,lith1,lith2,lith3,lith4,lith5,low_lith,lith_form,lith_com
COH2O;0,Major,Water,,,,,Water,, 
COTwo;0,Minor,Sedimentary,Clastic,Sandstone,,,Sandstone,, 
COXb;0,Major,Metamorphic,Migmatite,,,,Migmatite,, 
COTKa;0,Minor,Igneous,Volcanic,,,,Volcanic, ,
COYam;0,Major,Igneous,Hypabyssal,Mafic-hypabyssal,,,Mafic-hypabyssal,,diabase 
COYam;0,Incidental,Igneous,Plutonic,Gabbroic,Gabbro,,Gabbro,Dike or sill, 
COJm;0,Minor,Sedimentary,Carbonate,Limestone,,,Limestone, ,
COTKa;0,Major,Sedimentary,Clastic,Conglomerate,,,Conglomerate, ,
COMDCA;0,Major,Sedimentary,Carbonate,Dolostone,,,Dolostone, ,
COTc;0,Minor,Sedimentary,Coal,,,,Coal,, 
COTwc;0,Major,Sedimentary,Clastic,Mudstone,Claystone,,Claystone,, 
COTwc;0,Major,Sedimentary,Clastic,Mudstone,,,Mudstone,, 
COTKda;0,Major,Sedimentary,Clastic,Sandstone,,,Sandstone, ,
COTKa;0,Major,Sedimentary,Clastic,Mudstone,Shale,,Shale, ,
COTKda;0,Major,Sedimentary,Clastic,Mudstone,,,Mudstone, ,
COTRPdc;0,Major,Sedimentary,Clastic,Sandstone,,,Sandstone ,,
COCAam;0,Major,Igneous,Plutonic,Dioritic,Diorite,,Diorite,,diabase 
COCAam;0,"Indeterminate, major",Igneous,Hypabyssal,Mafic-hypabyssal,Hypabyssal-mafic-alkaline,,Hypabyssal-mafic-alkaline,,diabase 
COCAl;0,Major,Sedimentary,Clastic,Sandstone,,,Sandstone,, 
COCAl;0,Major,Sedimentary,Clastic,Mudstone,Shale,,Shale,, 
COCAl;0,Major,Sedimentary,Clastic,Conglomerate,,,Conglomerate,, 
COCAs;0,Major,Metamorphic,Metasedimentary,Metaclastic,Quartzite,,Quartzite,, 
COCAs;0,Minor,Sedimentary,Clastic,Sandstone,,,Sandstone,, 
COCAs;0,Minor,Sedimentary,Carbonate,Dolostone,,,Dolostone,, 
CODO;0,Major,Metamorphic,Metasedimentary,Metaclastic,Quartzite,,Quartzite,, 
CODO;0,Major,Sedimentary,Clastic,Sandstone,,,Sandstone,, 
CODO;0,Minor,Sedimentary,Carbonate,Limestone,,,Limestone,, 
CODO;0,Minor,Sedimentary,Clastic,Mudstone,Shale,,Shale,, 
CODOCA;0,Major,Sedimentary,Carbonate,Limestone,,,Limestone,, 
CODOCA;0,Minor,Metamorphic,Metasedimentary,Metaclastic,Quartzite,,Quartzite,, 
COJm;0,Major,Sedimentary,Clastic,Mudstone,Claystone,,Claystone, ,
COJm;0,Major,Sedimentary,Clastic,Mudstone,,,Mudstone, ,
COJm;0,Major,Sedimentary,Clastic,Sandstone,,,Sandstone, ,
COJmc;0,Major,Sedimentary,Clastic,Mudstone,Claystone,,Claystone, ,
COJmc;0,Major,Sedimentary,Clastic,Mudstone,,,Mudstone, ,
COJmc;0,Major,Sedimentary,Clastic,Sandstone,,,Sandstone, ,
COJmc;0,Minor,Sedimentary,Clastic,Sandstone,,,Sandstone,Glauconitic ,
COJmc;0,Minor,Sedimentary,Carbonate,Limestone,,,Limestone, ,
COJmce;0,Major,Sedimentary,Clastic,Sandstone,,,Sandstone, ,
COJmce;0,Major,Sedimentary,Clastic,Mudstone,,,Mudstone, ,
COJmce;0,Major,Sedimentary,Clastic,Mudstone,Claystone,,Claystone, ,
COJme;0,Major,Sedimentary,Clastic,Mudstone,Claystone,,Claystone, ,
COJme;0,Major,Sedimentary,Clastic,Mudstone,,,Mudstone, ,
COJme;0,Major,Sedimentary,Clastic,Sandstone,,,Sandstone, ,
COJmj;0,Major,Sedimentary,Clastic,Mudstone,Claystone,,Claystone, ,
COJmj;0,Major,Sedimentary,Clastic,Mudstone,,,Mudstone ,,
COJmj;0,Major,Sedimentary,Clastic,Sandstone,,,Sandstone ,,
COJmr;0,Major,Sedimentary,Clastic,Mudstone,Claystone,,Claystone ,,
COJmr;0,Major,Sedimentary,Clastic,Sandstone,,,Sandstone ,,
COJmr;0,Major,Sedimentary,Carbonate,Limestone,,,Limestone ,,
COJmr;0,Major,Sedimentary,Chemical,Evaporite,Gypsum,,Gypsum ,,
COJmre;0,Major,Sedimentary,Clastic,Sandstone,,,Sandstone ,,
COJmre;0,Major,Sedimentary,Clastic,Mudstone,,,Mudstone ,,
COJmre;0,Major,Sedimentary,Clastic,Mudstone,Claystone,,Claystone ,,
COJms;0,Major,Sedimentary,Clastic,Sandstone,,,Sandstone ,,
COJms;0,Major,Sedimentary,Clastic,Mudstone,Shale,,Shale ,,
COJms;0,Major,Sedimentary,Clastic,Mudstone,Claystone,,Claystone ,,
COJms;0,Major,Sedimentary,Carbonate,Limestone,,,Limestone ,,
COJmse;0,Major,Sedimentary,Clastic,Sandstone,,,Sandstone ,,
COJmse;0,Major,Sedimentary,Clastic,Mudstone,,,Mudstone ,,
COJmse;0,Major,Sedimentary,Clastic,Mudstone,Claystone,,Claystone ,,
COJmse;0,Minor,Sedimentary,Clastic,Mudstone,Shale,,Shale ,,
COJmse;0,Minor,Sedimentary,Clastic,Siltstone,,,Siltstone ,,
COJmw;0,Major,Sedimentary,Clastic,Mudstone,Claystone,,Claystone ,,
COJmw;0,Major,Sedimentary,Clastic,Mudstone,,,Mudstone ,,
COJmw;0,Minor,Sedimentary,Clastic,Sandstone,,,Sandstone ,,
COJmw;0,Minor,Sedimentary,Clastic,Mudstone,Shale,,Shale ,,
COJmw;0,Minor,Sedimentary,Carbonate,Limestone,,,Limestone ,,
COJmw;0,Incidental,Sedimentary,Chemical,Evaporite,Gypsum,,Gypsum ,,
COJmwe;0,Major,Sedimentary,Clastic,Sandstone,,,Sandstone ,,
COJmwe;0,Major,Sedimentary,Clastic,Mudstone,,,Mudstone ,,
COJmwe;0,Major,Sedimentary,Clastic,Mudstone,Claystone,,Claystone ,,
COJmwe;0,Minor,Sedimentary,Carbonate,Limestone,,,Limestone ,,
COJTRg;0,Major,Sedimentary,Clastic,Sandstone,,,Sandstone ,,
COJTRgc;0,Major,Sedimentary,Clastic,Sandstone,,,Sandstone ,,
COJTRgc;0,Major,Sedimentary,Clastic,Siltstone,,,Siltstone ,,
COJTRgc;0,Major,Sedimentary,Clastic,Mudstone,Shale,,Shale ,,
COJTRmc;0,Major,Sedimentary,Clastic,Sandstone,,,Sandstone ,,
COJTRmc;0,Major,Sedimentary,Clastic,Mudstone,,,Mudstone ,,
COJTRmc;0,Major,Sedimentary,Clastic,Mudstone,Claystone,,Claystone ,,
COJTRmc;0,Minor,Sedimentary,Clastic,Siltstone,,,Siltstone ,,
COJTRmc;0,Minor,Sedimentary,Clastic,Mudstone,Shale,,Shale ,,
COJTRmg;0,Major,Sedimentary,Clastic,Sandstone,,,Sandstone ,,
COJTRmg;0,Major,Sedimentary,Clastic,Mudstone,,,Mudstone ,,
COJTRmg;0,Major,Sedimentary,Clastic,Mudstone,Claystone,,Claystone ,,
COJTRmg;0,Minor,Sedimentary,Clastic,Siltstone,,,Siltstone ,,
COJTRmg;0,Minor,Sedimentary,Clastic,Mudstone,Shale,,Shale ,,
COKc;0,Major,Sedimentary,Clastic,Mudstone,Shale,,Shale ,,
COKc;0,Major,Sedimentary,Carbonate,Limestone,,,Limestone ,,
COKcg;0,Major,Sedimentary,Clastic,Mudstone,Shale,,Shale ,,
COKcg;0,Major,Sedimentary,Carbonate,Limestone,,,Limestone ,,
COKch;0,Major,Sedimentary,Clastic,Sandstone,,,Sandstone ,,
COKd;0,Major,Sedimentary,Clastic,Sandstone,,,Sandstone ,,
COKdb;0,Major,Sedimentary,Clastic,Sandstone,,,Sandstone, ,
COKdb;0,Major,Sedimentary,Clastic,Conglomerate,,,Conglomerate, ,
COKdp;0,Major,Sedimentary,Clastic,Sandstone,,,Sandstone, ,
COKdp;0,Major,Sedimentary,Clastic,Mudstone,Shale,,Shale, ,
COKf;0,Major,Sedimentary,Clastic,Sandstone,,,Sandstone, ,
COKfd;0,Major,Sedimentary,Clastic,Sandstone,,,Sandstone, ,
COKfd;0,Major,Sedimentary,Clastic,Mudstone,Shale,,Shale, ,
COKfd;0,Minor,Sedimentary,Clastic,Conglomerate,,,Conglomerate, ,
COKh;0,Major,Sedimentary,Clastic,Sandstone,,,Sandstone, ,
COKh;0,Major,Sedimentary,Clastic,Mudstone,Shale,,Shale, ,
COKi;0,Major,Sedimentary,Clastic,Sandstone,,,Sandstone, ,
COKi;0,Major,Sedimentary,Clastic,Mudstone,Shale,,Shale, ,
COKi;0,Minor,Sedimentary,Coal,,,,Coal,Bed ,
COKJde;0,Major,Sedimentary,Clastic,Sandstone,,,Sandstone, ,
COKJde;0,Major,Sedimentary,Clastic,Mudstone,Shale,,Shale, ,
COKJde;0,Major,Sedimentary,Clastic,Mudstone,Claystone,,Claystone ,,
COKJde;0,Major,Sedimentary,Clastic,Mudstone,,,Mudstone ,,
COKJde;0,Major,Sedimentary,Carbonate,Limestone,,,Limestone ,,
COKJdj;0,Major,Sedimentary,Clastic,Sandstone,,,Sandstone ,,
COKJdj;0,Major,Sedimentary,Clastic,Mudstone,Shale,,Shale ,,
COKJdj;0,Major,Sedimentary,Clastic,Mudstone,Claystone,,Claystone ,,
COKJdj;0,Major,Sedimentary,Clastic,Mudstone,,,Mudstone ,,
COKJdm;0,Major,Sedimentary,Clastic,Sandstone,,,Sandstone ,,
COKJdm;0,Major,Sedimentary,Clastic,Mudstone,Shale,,Shale ,,
COKJdm;0,Major,Sedimentary,Clastic,Mudstone,Claystone,,Claystone ,,
COKJdm;0,Major,Sedimentary,Clastic,Mudstone,,,Mudstone ,,
COKJdr;0,Major,Sedimentary,Clastic,Sandstone,,,Sandstone ,,
COKJdr;0,Major,Sedimentary,Clastic,Mudstone,Shale,,Shale ,,
COKJdr;0,Major,Sedimentary,Clastic,Mudstone,Claystone,,Claystone ,,
COKJdr;0,Major,Sedimentary,Clastic,Mudstone,,,Mudstone ,,
COKJds;0,Major,Sedimentary,Clastic,Sandstone,,,Sandstone ,,
COKJds;0,Major,Sedimentary,Clastic,Mudstone,Shale,,Shale, ,
COKJds;0,Major,Sedimentary,Clastic,Mudstone,Claystone,,Claystone, ,
COKJds;0,Major,Sedimentary,Clastic,Mudstone,,,Mudstone, ,
COKJdw;0,Major,Sedimentary,Clastic,Sandstone,,,Sandstone, ,
COKJdw;0,Major,Sedimentary,Clastic,Mudstone,Shale,,Shale, ,
COKJdw;0,Major,Sedimentary,Clastic,Mudstone,Claystone,,Claystone, ,
COKJdw;0,Major,Sedimentary,Clastic,Mudstone,,,Mudstone, ,
COKJdw;0,Major,Sedimentary,Carbonate,Limestone,,,Limestone, ,
COKkf;0,Major,Sedimentary,Clastic,Mudstone,Shale,,Shale, ,
COKkf;0,Major,Sedimentary,Clastic,Sandstone,,,Sandstone, ,
COKkf;0,Minor,Sedimentary,Coal,,,,Coal,Bed ,
COKl;0,Major,Sedimentary,Clastic,Mudstone,Shale,,Shale, ,
COKl;0,Major,Sedimentary,Clastic,Mudstone,Claystone,,Claystone, ,
COKl;0,Major,Sedimentary,Clastic,Sandstone,,,Sandstone, ,
COKl;0,Minor,Sedimentary,Coal,,,,Coal,Bed ,
COKlf;0,Major,Sedimentary,Clastic,Sandstone,,,Sandstone, ,
COKlf;0,Major,Sedimentary,Clastic,Mudstone,Shale,,Shale, ,
COKlf;0,Major,Sedimentary,Clastic,Mudstone,Claystone,,Claystone, ,
COKln;0,Major,Sedimentary,Clastic,Mudstone,Shale,,Shale, ,
COKln;0,Major,Sedimentary,Clastic,Sandstone,,,Sandstone, ,
COKln;0,Incidental,Sedimentary,Coal,,,,Coal,Bed ,
COKls;0,Major,Sedimentary,Clastic,Mudstone,Shale,,Shale, ,
COKm;0,Major,Sedimentary,Clastic,Mudstone,Shale,,Shale, ,
COKm;0,Major,Sedimentary,Clastic,Sandstone,,,Sandstone, ,
COKmfm;0,Major,Sedimentary,Clastic,Sandstone,,,Sandstone, ,
COKmfm;0,Major,Sedimentary,Clastic,Mudstone,Shale,,Shale, ,
COKmgs;0,Major,Sedimentary,Clastic,Sandstone,,,Sandstone, ,
COKmgs;0,Major,Sedimentary,Clastic,Mudstone,Shale,,Shale, ,
COKmgs;0,Minor,Sedimentary,Coal,,,,Coal,Bed ,
COKmj;0,Major,Sedimentary,Clastic,Sandstone,,,Sandstone, ,
COKmj;0,Minor,Sedimentary,Clastic,Mudstone,Shale,,Shale, ,
COKmp;0,Major,Sedimentary,Clastic,Sandstone,,,Sandstone, ,
COKmp;0,Major,Sedimentary,Clastic,Mudstone,Shale,,Shale, ,
COKmp;0,Minor,Sedimentary,Coal,,,,Coal,Bed ,
COKmv;0,Major,Sedimentary,Clastic,Sandstone,,,Sandstone, ,
COKmv;0,Minor,Sedimentary,Clastic,Mudstone,Shale,,Shale, ,
COKmv;0,Minor,Sedimentary,Coal,,,,Coal,Bed ,
COKmvl;0,Major,Sedimentary,Clastic,Sandstone,,,Sandstone, ,
COKmvl;0,Major,Sedimentary,Clastic,Mudstone,Shale,,Shale, ,
COKmvl;0,Minor,Sedimentary,Coal,,,,Coal,Bed ,
COKmvu;0,Major,Sedimentary,Clastic,Sandstone,,,Sandstone, ,
COKmvu;0,Major,Sedimentary,Clastic,Mudstone,Shale,,Shale, ,
COKmvu;0,Minor,Sedimentary,Coal,,,,Coal,Bed ,
COKmw;0,Major,Igneous,Volcanic,Mafic-volcanic,Andesite,,Andesite,"Volcaniclastic, volcanic breccia ",
COKmw;0,Major,Sedimentary,Clastic,Conglomerate,,,Conglomerate, ,
COKn;0,Major,Sedimentary,Clastic,Mudstone,Shale,,Shale,Calcareous ,
COKn;0,Minor,Sedimentary,Carbonate,Limestone,,,Limestone, ,
COKp;0,Major,Sedimentary,Clastic,Mudstone,Shale,,Shale, ,
COKpcl;0,Major,Sedimentary,Clastic,Sandstone,,,Sandstone, ,
COKpcl;0,Major,Sedimentary,Clastic,Mudstone,Shale,,Shale, ,
COKpg;0,Major,Sedimentary,Clastic,Mudstone,Shale,,Shale, ,
COKpg;0,Major,Sedimentary,Carbonate,Limestone,,,Limestone, ,
COKpl;0,Major,Sedimentary,Clastic,Mudstone,Shale,,Shale, ,
COKpl;0,Minor,Sedimentary,Clastic,Mudstone,Claystone,Bentonite,Bentonite,Bed ,
COKpm;0,Major,Sedimentary,Clastic,Mudstone,Shale,,Shale, ,
COKpm;0,Minor,Sedimentary,Clastic,Sandstone,,,Sandstone, ,
COKpu;0,Major,Sedimentary,Clastic,Mudstone,Shale,,Shale, ,
COKsc;0,Major,Sedimentary,Clastic,Sandstone,,,Sandstone, ,
COKsc;0,Major,Sedimentary,Clastic,Mudstone,Shale,,Shale, ,
COKvt;0,Major,Sedimentary,Clastic,Mudstone,Shale,,Shale, ,
COKvt;0,Major,Sedimentary,Clastic,Sandstone,,,Sandstone, ,
COKvt;0,Minor,Sedimentary,Coal,,,,Coal,Bed ,
COKw;0,Major,Sedimentary,Clastic,Sandstone,,,Sandstone, ,
COKw;0,Major,Sedimentary,Clastic,Mudstone,Shale,,Shale, ,
COKw;0,Minor,Sedimentary,Coal,,,,Coal,Bed ,
COMCA;0,Major,Sedimentary,Carbonate,Limestone,,,Limestone, ,
COMCA;0,Minor,Metamorphic,Metasedimentary,Metaclastic,Quartzite,,Quartzite, ,
COMCAml;0,Major,Sedimentary,Carbonate,Limestone,,,Limestone, ,
COMCAml;0,Minor,Sedimentary,Clastic,Sandstone,,,Sandstone, ,
COMCAml;0,Minor,Sedimentary,Clastic,Mudstone,Shale,,Shale, ,
COMCAml;0,Minor,Sedimentary,Clastic,Conglomerate,,,Conglomerate, ,
COMD;0,Major,Sedimentary,Carbonate,Limestone,,,Limestone, ,
COMD;0,Major,Sedimentary,Clastic,Sandstone,,,Sandstone, ,
COMD;0,Major,Sedimentary,Carbonate,Dolostone,,,Dolostone, ,
COMD;0,Minor,Sedimentary,Clastic,Mudstone,Shale,,Shale, ,
COMD;0,Minor,Metamorphic,Metasedimentary,Metaclastic,Quartzite,,Quartzite, ,
COMDCA;0,Major,Sedimentary,Carbonate,Limestone,,,Limestone, ,
COMDCA;0,Major,Metamorphic,Metasedimentary,Metaclastic,Quartzite,,Quartzite, ,
COMDCA;0,Minor,Sedimentary,Clastic,Sandstone,,,Sandstone, ,
COMDCA;0,Minor,Sedimentary,Clastic,Mudstone,Shale,,Shale ,,
COMDO;0,Major,Sedimentary,Carbonate,Limestone,,,Limestone ,,
COMDO;0,Minor,Sedimentary,Clastic,Sandstone,,,Sandstone ,,
COMm;0,Major,Sedimentary,Carbonate,Limestone,,,Limestone ,,
COMm;0,Minor,Sedimentary,Clastic,Mudstone,Shale,,Shale ,,
COMm;0,Minor,Sedimentary,Clastic,Sandstone,,,Sandstone ,,
COMZ;0,Major,Sedimentary,Clastic,,,,Clastic ,,
COMZPZ;0,Major,Sedimentary,Clastic,,,,Clastic ,,
COOCA;0,Major,Sedimentary,Carbonate,Limestone,,,Limestone ,,
COOCA;0,Major,Sedimentary,Carbonate,Dolostone,,,Dolostone ,,
COOCA;0,Major,Metamorphic,Metasedimentary,Metaclastic,Quartzite,,Quartzite ,,
COOCA;0,Major,Sedimentary,Clastic,Sandstone,,,Sandstone ,,
COOr;0,Major,Sedimentary,Carbonate,Limestone,,,Limestone ,,
COOr;0,Minor,Sedimentary,Clastic,Sandstone,,,Sandstone ,,
COPAb;0,Major,Sedimentary,Clastic,Mudstone,Shale,,Shale ,,
COPAb;0,Major,Sedimentary,Carbonate,Limestone,,,Limestone ,,
COPAb;0,Major,Sedimentary,Clastic,Sandstone,,,Sandstone ,,
COPAe;0,Major,Sedimentary,Clastic,Siltstone,,,Siltstone ,,
COPAe;0,Major,Sedimentary,Clastic,Mudstone,Shale,,Shale ,,
COPAe;0,Minor,Sedimentary,Chemical,Evaporite,Gypsum,,Gypsum ,,
COPAee;0,Major,Sedimentary,Clastic,Sandstone,,,Sandstone ,,
COPAee;0,Major,Sedimentary,Clastic,Mudstone,Shale,,Shale ,,
COPAee;0,Minor,Sedimentary,Chemical,Evaporite,Gypsum,,Gypsum ,,
COPAee;0,Minor,Sedimentary,Chemical,Evaporite,Salt,,Salt ,,
COPAh;0,Major,Sedimentary,Clastic,Sandstone,Arkose,,Arkose ,,
COPAh;0,Major,Sedimentary,Clastic,Conglomerate,,,Conglomerate ,,
COPAh;0,Major,Sedimentary,Carbonate,Limestone,,,Limestone ,,
COPAh;0,Minor,Sedimentary,Chemical,Evaporite,Gypsum,,Gypsum ,,
COPAm;0,Major,Sedimentary,Clastic,Sandstone,Arkose,,Arkose ,,
COPAm;0,Major,Sedimentary,Clastic,Conglomerate,,,Conglomerate ,,
COPAm;0,Major,Sedimentary,Clastic,Mudstone,Shale,,Shale ,,
COPAm;0,Major,Sedimentary,Carbonate,Limestone,,,Limestone ,,
COPAmb;0,Major,Sedimentary,Clastic,Sandstone,,,Sandstone ,,
COPAmb;0,Major,Sedimentary,Clastic,Mudstone,Shale,,Shale ,,
COPAmb;0,Minor,Sedimentary,Carbonate,Limestone,,,Limestone ,,
COPAmb;0,Minor,Sedimentary,Clastic,Conglomerate,,,Conglomerate ,,
COPAmbe;0,Major,Sedimentary,Clastic,Siltstone,,,Siltstone ,,
COPAmbe;0,Major,Sedimentary,Clastic,Mudstone,Shale,,Shale ,,
COPAmbe;0,Minor,Sedimentary,Chemical,Evaporite,Gypsum,,Gypsum ,,
COPAmr;0,Major,Sedimentary,Carbonate,Limestone,,,Limestone ,,
COPAmr;0,Major,Sedimentary,Clastic,Sandstone,,,Sandstone ,,
COPAmr;0,Major,Sedimentary,Clastic,Mudstone,Shale,,Shale ,,
COPArh;0,Major,Sedimentary,Clastic,Sandstone,Arkose,,Arkose ,,
COPArh;0,Major,Sedimentary,Clastic,Conglomerate,,,Conglomerate ,,
COPArh;0,Major,Sedimentary,Clastic,Mudstone,Shale,,Shale ,,
COPArh;0,Major,Sedimentary,Carbonate,Limestone,,,Limestone ,,
COPArh;0,Minor,Sedimentary,Clastic,Siltstone,,,Siltstone ,,
COPc;0,Major,Sedimentary,Clastic,Sandstone,Arkose,,Arkose ,,
COPc;0,Major,Sedimentary,Clastic,Siltstone,,,Siltstone ,,
COPc;0,Major,Sedimentary,Clastic,Conglomerate,,,Conglomerate ,,
COPc;0,Major,Sedimentary,Clastic,,,,Clastic ,,
COPp;0,Major,Sedimentary,Clastic,Siltstone,,,Siltstone ,,
COPp;0,Major,Sedimentary,Clastic,Sandstone,,,Sandstone ,,
COPPAcf;0,Major,Sedimentary,Clastic,Sandstone,,,Sandstone ,,
COPPAcf;0,Major,Sedimentary,Clastic,Sandstone,Arkose,,Arkose ,,
COPPAcf;0,Major,Sedimentary,Clastic,Conglomerate,,,Conglomerate ,,
COPPAf;0,Major,Sedimentary,Clastic,Sandstone,Arkose,,Arkose ,,
COPPAf;0,Major,Sedimentary,Clastic,Conglomerate,,,Conglomerate ,,
COPPAif;0,Major,Sedimentary,Carbonate,Limestone,,,Limestone ,,
COPPAif;0,Major,Sedimentary,Clastic,Sandstone,,,Sandstone ,,
COPPAif;0,Major,Sedimentary,Clastic,Conglomerate,,,Conglomerate ,,
COPPAif;0,Minor,Sedimentary,Clastic,Sandstone,Arkose,,Arkose ,,
COPPAm;0,Major,Sedimentary,Clastic,Sandstone,Arkose,,Arkose ,,
COPPAm;0,Major,Sedimentary,Clastic,Siltstone,,,Siltstone,, 
COPPAm;0,Major,Sedimentary,Clastic,Conglomerate,,,Conglomerate,, 
COPPAs;0,Major,Sedimentary,Clastic,Conglomerate,,,Conglomerate,,arkosic conglomerate 
COPPAs;0,Major,Sedimentary,Clastic,Sandstone,,,Sandstone,, 
COPPAs;0,Major,Sedimentary,Clastic,Siltstone,,,Siltstone,, 
COPPAw;0,Major,Sedimentary,Clastic,Sandstone,,,Sandstone,, 
COPPAwm;0,Major,Sedimentary,Clastic,Sandstone,,,Sandstone,, 
COPPAwm;0,Major,Sedimentary,Clastic,Sandstone,Arkose,,Arkose,, 
COPPAwm;0,Minor,Sedimentary,Clastic,Siltstone,,,Siltstone,, 
COPPAwm;0,Minor,Sedimentary,Clastic,Conglomerate,,,Conglomerate,, 
COPu;0,Major,Sedimentary,Clastic,Siltstone,,,Siltstone,, 
COPu;0,Major,Sedimentary,Carbonate,Dolostone,,,Dolostone,, 
COPu;0,Major,Sedimentary,Clastic,Sandstone,,,Sandstone,, 
COQa;0,Major,Unconsolidated,,,,,Unconsolidated,Alluvial, 
COQb;0,Major,Igneous,Volcanic,Mafic-volcanic,Basalt,,Basalt,Flow, 
COQd;0,Major,Unconsolidated,,,,,Unconsolidated,Glacial, 
COQdo;0,Major,Unconsolidated,,,,,Unconsolidated,Glacial, 
COQe;0,Major,Unconsolidated,Coarse-detrital,Sand,,,Sand,Eolian,dune sand and silt 
COQe;0,Major,Unconsolidated,Fine-detrital,Silt,,,Silt,"Eolian, Loess", 
COQeo;0,Major,Unconsolidated,Coarse-detrital,Sand,,,Sand,Eolian,dune sand and silt 
COQeo;0,Major,Unconsolidated,Fine-detrital,Silt,,,Silt,"Eolian, Loess", 
COQg;0,Major,Unconsolidated,Coarse-detrital,Gravel,,,Gravel,Alluvial, 
COQg;0,Major,Unconsolidated,,,,,Unconsolidated,Alluvial, 
COQgo;0,Major,Unconsolidated,Coarse-detrital,Gravel,,,Gravel,Alluvial, 
COQgo;0,Major,Unconsolidated,,,,,Unconsolidated,Alluvial, 
COQl;0,Major,Unconsolidated,,,,,Unconsolidated,Landslide, 
COQl;0,Minor,Unconsolidated,,,,,Unconsolidated,Colluvial, 
COQTa;0,Major,Unconsolidated,,,,,Unconsolidated,Alluvial,ancient alluvium 
COQTsa;0,Major,Unconsolidated,,,,,Unconsolidated,Alluvial, 
COQTsa;0,Minor,Unconsolidated,Coarse-detrital,Gravel,,,Gravel,, 
COQTsa;0,Minor,Unconsolidated,Coarse-detrital,Sand,,,Sand,, 
COQTsa;0,Minor,Unconsolidated,Fine-detrital,Silt,,,Silt,, 
COQTsa;0,Incidental,Unconsolidated,Fine-detrital,Clay,,,Clay,, 
COQTsa;0,Incidental,Sedimentary,Clastic,Conglomerate,,,Conglomerate,, 
COTa;0,Major,Sedimentary,Clastic,Sandstone,,,Sandstone,Tuffaceous, 
COTa;0,Minor,Sedimentary,Clastic,Conglomerate,,,Conglomerate,, 
COTaf;0,Major,Igneous,Volcanic,,,,Volcanic,"Pyroclastic, ash-flow",ash-flow tuff 
COTb;0,Major,Sedimentary,Clastic,Mudstone,Claystone,,Claystone,, 
COTb;0,Major,Sedimentary,Clastic,Mudstone,,,Mudstone,, 
COTbb;0,Major,Igneous,Volcanic,Mafic-volcanic,Basalt,,Basalt,, 
COTbb;0,Minor,Igneous,Volcanic,,,,Volcanic,"Volcaniclastic, volcanic breccia", 
COTbb;0,Minor,Sedimentary,Clastic,Conglomerate,,,Conglomerate,, 
COTbb;0,"Indeterminate, major",Igneous,Volcanic,,,,Volcanic,"Pyroclastic, tuff", 
COTbbi;0,Major,Igneous,Volcanic,Mafic-volcanic,Basalt,,Basalt,, 
COTbp;0,Major,Sedimentary,Clastic,Sandstone,,,Sandstone,, 
COTbp;0,Major,Sedimentary,Clastic,Siltstone,,,Siltstone,, 
COTbr;0,Major,Igneous,Volcanic,Felsic-volcanic,Rhyolite,,Rhyolite,, 
COTbrt;0,Major,Igneous,Volcanic,,,,Volcanic,"Pyroclastic, ash-flow",ash-flow tuff 
COTc;0,Major,Sedimentary,Clastic,Sandstone,Arkose,,Arkose,, 
COTc;0,Major,Sedimentary,Clastic,Conglomerate,,,Conglomerate,, 
COTc;0,Major,Sedimentary,Clastic,Mudstone,Shale,,Shale,, 
COTcu;0,Major,Sedimentary,Clastic,Sandstone,,,Sandstone,, 
COTcu;0,Major,Sedimentary,Clastic,Mudstone,Shale,,Shale,, 
COTd;0,Major,Sedimentary,Clastic,Siltstone,,,Siltstone,, 
COTd;0,Major,Sedimentary,Clastic,Sandstone,,,Sandstone,, 
COTd;0,Major,Sedimentary,Clastic,Conglomerate,,,Conglomerate,, 
COTd;0,Minor,Sedimentary,Clastic,Mudstone,Claystone,,Claystone,, 
COTdu;0,Major,Sedimentary,Clastic,Sandstone,Arkose,,Arkose,, 
COTdu;0,Major,Sedimentary,Clastic,Conglomerate,,,Conglomerate,, 
COTdu;0,Major,Sedimentary,Clastic,Mudstone,Shale,,Shale,, 
COTdv;0,Major,Igneous,Volcanic,Mafic-volcanic,Basalt,,Basalt,, 
COTe;0,Major,Sedimentary,Clastic,Sandstone,Arkose,,Arkose,, 
COTe;0,Major,Unconsolidated,Coarse-detrital,Gravel,,,Gravel,,bouldery gravel 
COTe;0,Minor,Sedimentary,Clastic,Conglomerate,,,Conglomerate,, 
COTe;0,Minor,Sedimentary,Clastic,Mudstone,,,Mudstone,,arkosic mudstone 
COTe;0,Minor,Sedimentary,Clastic,Sandstone,,,Sandstone,, 
COTf;0,Major,Sedimentary,Clastic,Mudstone,Shale,,Shale,, 
COTf;0,Major,Sedimentary,Clastic,Sandstone,,,Sandstone,, 
COTf;0,Minor,Sedimentary,Coal,,,,Coal,Bed, 
COTg;0,Major,Sedimentary,Clastic,Mudstone,,,Mudstone,, 
COTg;0,Major,Sedimentary,Clastic,Mudstone,Shale,,Shale,, 
COTg;0,Major,Sedimentary,Clastic,Sandstone,,,Sandstone,, 
COTg;0,Major,Sedimentary,Clastic,Mudstone,Shale,Oil-shale,Oil-shale,, 
COTgl;0,Major,Sedimentary,Clastic,Mudstone,Shale,,Shale,, 
COTgl;0,Major,Sedimentary,Clastic,Sandstone,,,Sandstone,, 
COTgl;0,Major,Sedimentary,Carbonate,Marlstone,,,Marlstone,, 
COTgl;0,Major,Sedimentary,Carbonate,Limestone,,,Limestone,, 
COTglm;0,Major,Sedimentary,Clastic,Mudstone,Claystone,,Claystone,, 
COTglm;0,Major,Sedimentary,Clastic,Mudstone,Shale,Oil-shale,Oil-shale,, 
COTglm;0,Major,Sedimentary,Clastic,Sandstone,,,Sandstone, ,
COTglu;0,Major,Sedimentary,Clastic,Mudstone,Shale,,Shale,Carbonaceous ,
COTglu;0,Major,Sedimentary,Carbonate,Marlstone,,,Marlstone, ,
COTglw;0,Major,Sedimentary,Clastic,Mudstone,Shale,,Shale, ,
COTglw;0,Major,Sedimentary,Clastic,Sandstone,,,Sandstone, ,
COTgp;0,Major,Sedimentary,Clastic,Mudstone,Shale,,Shale, ,
COTgp;0,Major,Sedimentary,Clastic,Mudstone,Shale,Oil-shale,Oil-shale, ,
COTgp;0,Minor,Sedimentary,Carbonate,Marlstone,,,Marlstone, ,
COTgp;0,Minor,Sedimentary,Clastic,Siltstone,,,Siltstone, ,
COTgt;0,Major,Sedimentary,Clastic,Mudstone,Claystone,,Claystone, ,
COTgt;0,Major,Sedimentary,Clastic,Mudstone,Shale,Oil-shale,Oil-shale, ,
COTgv;0,Major,Unconsolidated,Coarse-detrital,Gravel,,,Gravel, ,
COTh;0,Major,Sedimentary,Clastic,Mudstone,Shale,,Shale, ,
COTh;0,Major,Sedimentary,Clastic,Sandstone,,,Sandstone, ,
COTh;0,Minor,Sedimentary,Clastic,Conglomerate,,,Conglomerate, ,
COTial;0,Major,Igneous,Volcanic,Mafic-volcanic,Andesite,,Andesite, ,
COTiql;0,Major,Igneous,Volcanic,Felsic-volcanic,Quartz-latite,,Quartz-latite, ,
COTKa;0,Major,Sedimentary,Clastic,Sandstone,Arkose,,Arkose, ,
COTKda;0,Major,Sedimentary,Clastic,Mudstone,Claystone,,Claystone, ,
COTKda;0,Major,Sedimentary,Clastic,Conglomerate,,,Conglomerate, ,
COTKda;0,Minor,Igneous,Volcanic,Mafic-volcanic,Andesite,,Andesite, ,
COTKdl;0,Major,Sedimentary,Clastic,Sandstone,Arkose,,Arkose, ,
COTKdl;0,Major,Sedimentary,Clastic,Mudstone,Shale,,Shale, ,
COTKdl;0,Major,Sedimentary,Clastic,Mudstone,,,Mudstone, ,
COTKdl;0,Major,Sedimentary,Clastic,Conglomerate,,,Conglomerate, ,
COTKdl;0,Minor,Sedimentary,Coal,,,,Coal,Bed ,
COTKec;0,Major,Sedimentary,Clastic,Conglomerate,,,Conglomerate, ,
COTKec;0,Major,Igneous,Volcanic,,,,Volcanic,"Volcaniclastic, volcanic breccia", 
COTKi;0,Major,Igneous,Plutonic,Granitic,,,Granitic,,granitoid 
COTKi;0,"Indeterminate, major",Igneous,Plutonic,Dioritic,,,Dioritic,, 
COTKr;0,Major,Sedimentary,Clastic,Sandstone,Arkose,,Arkose,, 
COTKr;0,Major,Sedimentary,Clastic,Siltstone,,,Siltstone,, 
COTKr;0,Major,Sedimentary,Clastic,Mudstone,Shale,,Shale,, 
COTKr;0,Minor,Sedimentary,Coal,,,,Coal,Bed, 
COTlp;0,Major,Sedimentary,Clastic,Conglomerate,,,Conglomerate,,volcaniclastic 
COTlp;0,Major,Igneous,Volcanic,Mafic-volcanic,Basalt,,Basalt,, 
COTm;0,Major,Sedimentary,Clastic,Sandstone,Arkose,,Arkose,, 
COTm;0,Major,Sedimentary,Clastic,Conglomerate,,,Conglomerate,, 
COTm;0,Minor,Igneous,Volcanic,,,,Volcanic,, 
COTmi;0,Major,Igneous,Hypabyssal,Mafic-hypabyssal,,,Mafic-hypabyssal,,intermediate composition 
COTmi;0,Major,Igneous,Hypabyssal,Felsic-hypabyssal,,,Felsic-hypabyssal,, 
COTn;0,Major,Sedimentary,Clastic,Mudstone,Shale,,Shale,, 
COTn;0,Major,Sedimentary,Clastic,Sandstone,,,Sandstone,, 
COTnp;0,Major,Sedimentary,Clastic,Sandstone,,,Sandstone,, 
COTnp;0,Major,Sedimentary,Clastic,Siltstone,,,Siltstone,, 
COTnp;0,Major,Sedimentary,Clastic,Conglomerate,,,Conglomerate,, 
COTo;0,Major,Sedimentary,Clastic,Sandstone,,,Sandstone,, 
COTo;0,Major,Sedimentary,Clastic,Conglomerate,,,Conglomerate,, 
COTos;0,Major,Sedimentary,Clastic,Sandstone,,,Sandstone,Tuffaceous, 
COTos;0,Minor,Sedimentary,Clastic,Mudstone,Shale,,Shale,Tuffaceous, 
COTos;0,Minor,Sedimentary,Clastic,Conglomerate,,,Conglomerate,Tuffaceous, 
COTos;0,Incidental,Sedimentary,Clastic,Siltstone,,,Siltstone,Tuffaceous, 
COTos;0,Incidental,Igneous,Volcanic,,,,Volcanic,,interbedded volcanic rocks 
COTos;0,Minor,Igneous,Volcanic,,,,Volcanic,"Pyroclastic, tuff", 
COTpc;0,Major,Sedimentary,Clastic,Conglomerate,,,Conglomerate,,arkosic conglomerate 
COTpc;0,Major,Sedimentary,Clastic,Sandstone,,,Sandstone,, 
COTpc;0,Major,Sedimentary,Clastic,Mudstone,Shale,,Shale,, 
COTpl;0,Major,Igneous,Volcanic,Mafic-volcanic,Andesite,,Andesite,, 
COTpl;0,Minor,Igneous,Volcanic,,,,Volcanic,"Volcaniclastic, volcanic breccia", 
COTpl;0,Minor,Sedimentary,Clastic,Conglomerate,,,Conglomerate,, 
COTpl;0,Minor,Igneous,,,,,Igneous,"Pyroclastic, tuff", 
COTRc;0,Major,Sedimentary,Clastic,Siltstone,,,Siltstone,, 
COTRc;0,Major,Sedimentary,Clastic,Sandstone,,,Sandstone,, 
COTRc;0,Minor,Sedimentary,Clastic,Conglomerate,,,Conglomerate,,limestone-pellet conglomerate 
COTRcc;0,Major,Sedimentary,Clastic,Sandstone,,,Sandstone,, 
COTRcc;0,Major,Sedimentary,Clastic,Siltstone,,,Siltstone,, 
COTRcc;0,Minor,Sedimentary,Clastic,Mudstone,Shale,,Shale,, 
COTRcc;0,Minor,Sedimentary,Clastic,Conglomerate,,,Conglomerate,,limestone-pellet conglomerate 
COTRcc;0,Incidental,Sedimentary,Carbonate,Limestone,,,Limestone,, 
COTRcc;0,Incidental,Sedimentary,Chemical,Evaporite,Gypsum,,Gypsum,, 
COTRch;0,Major,Sedimentary,Clastic,Sandstone,,,Sandstone,, 
COTRch;0,Major,Sedimentary,Clastic,Siltstone,,,Siltstone,, 
COTRch;0,Major,Sedimentary,Clastic,Mudstone,Shale,,Shale,, 
COTRch;0,Minor,Sedimentary,Carbonate,Limestone,,,Limestone,, 
COTRch;0,Incidental,Sedimentary,Chemical,Evaporite,Gypsum,,Gypsum,, 
COTRd;0,Major,Sedimentary,Clastic,Siltstone,,,Siltstone,, 
COTRd;0,Major,Sedimentary,Clastic,Mudstone,Shale,,Shale,, 
COTRd;0,Major,Sedimentary,Clastic,Sandstone,,,Sandstone,, 
COTRd;0,Minor,Sedimentary,Clastic,Conglomerate,,,Conglomerate,,limestone-pellet conglomerate 
COTRdg;0,Major,Sedimentary,Clastic,Sandstone,,,Sandstone,, 
COTRdg;0,Major,Sedimentary,Clastic,Siltstone,,,Siltstone,, 
COTRdg;0,Minor,Sedimentary,Carbonate,Limestone,,,Limestone,, 
COTRkc;0,Major,Sedimentary,Clastic,Siltstone,,,Siltstone,, 
COTRkc;0,Major,Sedimentary,Clastic,Mudstone,Shale,,Shale,, 
COTRkc;0,Major,Sedimentary,Clastic,Sandstone,,,Sandstone,, 
COTRm;0,Major,Sedimentary,Clastic,Siltstone,,,Siltstone,, 
COTRm;0,Major,Sedimentary,Clastic,Mudstone,,,Mudstone,, 
COTRm;0,Major,Sedimentary,Clastic,Sandstone,,,Sandstone,, 
COTRm;0,Incidental,Sedimentary,Chemical,Evaporite,Gypsum,,Gypsum,, 
COTRPAlf;0,Major,Sedimentary,Clastic,Siltstone,,,Siltstone,, 
COTRPAlf;0,Major,Sedimentary,Clastic,Sandstone,,,Sandstone,, 
COTRPAlf;0,Major,Sedimentary,Clastic,Conglomerate,,,Conglomerate ,,
COTRPcp;0,Major,Sedimentary,Clastic,Siltstone,,,Siltstone ,,
COTRPcp;0,Major,Sedimentary,Clastic,Mudstone,Shale,,Shale ,,
COTRPcp;0,Major,Sedimentary,Clastic,Sandstone,,,Sandstone ,,
COTRPcs;0,Major,Sedimentary,Clastic,Siltstone,,,Siltstone ,,
COTRPcs;0,Major,Sedimentary,Clastic,Sandstone,,,Sandstone ,,
COTRPdc;0,Major,Sedimentary,Clastic,Siltstone,,,Siltstone ,,
COTRPdc;0,Major,Sedimentary,Clastic,Conglomerate,,,Conglomerate ,,
COTRPjs,Major,Sedimentary,Clastic,Siltstone,,,Siltstone ,,
COTRPjs,Major,Sedimentary,Clastic,Mudstone,Shale,,Shale ,,
COTRPjs,Major,Sedimentary,Clastic,Sandstone,,,Sandstone ,,
COTRPjs,Minor,Sedimentary,Carbonate,Limestone,,,Limestone ,,
COTRPl;0,Major,Sedimentary,Clastic,Siltstone,,,Siltstone ,,
COTRPl;0,Major,Sedimentary,Clastic,Mudstone,Shale,,Shale ,,
COTRPl;0,Major,Sedimentary,Carbonate,Limestone,,,Limestone ,,
COTRPll;0,Major,Sedimentary,Clastic,Sandstone,,,Sandstone,, 
COTRPll;0,Major,Sedimentary,Clastic,Siltstone,,,Siltstone,, 
COTRPll;0,Major,Sedimentary,Clastic,Mudstone,Shale,,Shale,, 
COTRPll;0,Major,Sedimentary,Carbonate,Limestone,,,Limestone,, 
COTRPmc;0,Major,Sedimentary,Clastic,Siltstone,,,Siltstone,, 
COTRPmc;0,Major,Sedimentary,Clastic,Sandstone,,,Sandstone,, 
COTRPr;0,Major,Sedimentary,Clastic,Siltstone,,,Siltstone,, 
COTRPr;0,Major,Sedimentary,Clastic,Mudstone,Shale,,Shale,, 
COTRPr;0,Major,Sedimentary,Clastic,Sandstone,,,Sandstone,, 
COTRPs;0,Major,Sedimentary,Clastic,Siltstone,,,Siltstone,, 
COTRPs;0,Major,Sedimentary,Clastic,Sandstone,,,Sandstone,, 
COTRwc;0,Major,Sedimentary,Clastic,Sandstone,,,Sandstone,, 
COTRwc;0,Minor,Sedimentary,Clastic,Siltstone,,,Siltstone,, 
COTRwc;0,Minor,Sedimentary,Clastic,Conglomerate,,,Conglomerate,,limestone-pellet conglomerate 
COTs;0,Major,Sedimentary,Clastic,Siltstone,,,Siltstone,, 
COTs;0,Major,Sedimentary,Clastic,Sandstone,,,Sandstone,, 
COTsj;0,Major,Sedimentary,Clastic,Siltstone,,,Siltstone,, 
COTsj;0,Major,Sedimentary,Clastic,Mudstone,Shale,,Shale,, 
COTsj;0,Major,Sedimentary,Clastic,Sandstone,,,Sandstone,, 
COTsp;0,Major,Sedimentary,Clastic,Sandstone,,,Sandstone,,arkosic 
COTsp;0,Major,Sedimentary,Clastic,Mudstone,Shale,,Shale,, 
COTsp;0,Minor,Igneous,,,,,Igneous,"Volcaniclastic, volcanic breccia", 
COTsp;0,Minor,Sedimentary,Clastic,Conglomerate,,,Conglomerate,,volcaniclastic 
COTsp;0,Minor,Igneous,Volcanic,Mafic-volcanic,Andesite,,Andesite,, 
COTt;0,Major,Sedimentary,Clastic,Sandstone,,,Sandstone,, 
COTt;0,Major,Sedimentary,Clastic,Siltstone,,,Siltstone,, 
COTu;0,Major,Sedimentary,Clastic,Sandstone,,,Sandstone,, 
COTu;0,Major,Sedimentary,Clastic,Siltstone,,,Siltstone,, 
COTui;0,Major,Igneous,Hypabyssal,Mafic-hypabyssal,,,Mafic-hypabyssal,,intermediate 
COTui;0,Major,Igneous,Hypabyssal,Felsic-hypabyssal,,,Felsic-hypabyssal,,felsite 
COTv;0,Major,Igneous,Volcanic,Mafic-volcanic,,,Mafic-volcanic,,intermediate composition 
COTw;0,Major,Sedimentary,Clastic,Mudstone,Claystone,,Claystone,, 
COTw;0,Major,Sedimentary,Clastic,Mudstone,Shale,,Shale,, 
COTw;0,Major,Sedimentary,Clastic,Sandstone,,,Sandstone,, 
COTwc;0,Major,Sedimentary,Clastic,Sandstone,,,Sandstone,, 
COTwm;0,Major,Igneous,Volcanic,,,,Volcanic,"Pyroclastic, ash-flow",ash-flow tuff 
COTwn;0,Major,Sedimentary,Clastic,Mudstone,,,Mudstone,, 
COTwn;0,Major,Sedimentary,Clastic,Sandstone,,,Sandstone,, 
COTwn;0,Major,Sedimentary,Clastic,Mudstone,Shale,,Shale,, 
COTwo;0,Major,Sedimentary,Clastic,Mudstone,Claystone,,Claystone,, 
COTwo;0,Minor,Sedimentary,Clastic,Mudstone,,,Mudstone,, 
COTwo;0,Minor,Sedimentary,Clastic,Mudstone,Shale,,Shale,, 
COTwo;0,Minor,Sedimentary,Clastic,Conglomerate,,,Conglomerate,, 
COTwr;0,Major,Sedimentary,Clastic,Sandstone,,,Sandstone,, 
COTwr;0,Major,Sedimentary,Clastic,Mudstone,Claystone,,Claystone,, 
COTwr;0,Minor,Sedimentary,Clastic,Conglomerate,,,Conglomerate,, 
COWr;0,Major,Metamorphic,Metasedimentary,Metaclastic,Quartzite,,Quartzite,, 
COWr;0,Minor,Metamorphic,Amphibolite,,,,Amphibolite,, 
COXb;0,Major,Metamorphic,Gneiss,,,,Gneiss,,biotite gneiss 
COXb;0,Minor,Metamorphic,Gneiss,,,,Gneiss,,mafic gneiss 
COXb;0,Minor,Metamorphic,Schist,,,,Schist,,calcsilicate schist 
COXb;0,Minor,Metamorphic,Metasedimentary,Metacarbonate,Marble,,Marble,, 
COXfh;0,Major,Metamorphic,Gneiss,,,,Gneiss,,felsic gneiss 
COXfh;0,Minor,Metamorphic,Gneiss,,,,Gneiss,,mafic gneiss 
COXfh;0,Minor,Metamorphic,Metaigneous,Metavolcanic,Metabasalt,,Metabasalt,,metabasalt 
COXfh;0,Minor,Metamorphic,Metasedimentary,Metaclastic,Metasandstone,Metagraywacke,Metagraywacke,,metagraywacke 
COXg;0,Major,Igneous,Plutonic,Granitic,Granite,,Granite,, 
COXg;0,Minor,Igneous,Plutonic,Granitic,Granodiorite,,Granodiorite,, 
COXg;0,Minor,Igneous,Plutonic,Syenitic,Quartz-monzonite,,Quartz-monzonite,, 
COXm;0,Major,Igneous,Plutonic,Gabbroic,Gabbro,,Gabbro,, 
COXm;0,Major,Igneous,Plutonic,Dioritic,Diorite,,Diorite,, 
COXm;0,Minor,Igneous,Plutonic,Syenitic,Monzonite,,Monzonite,, 
COXm;0,"Indeterminate, major",Igneous,Plutonic,Dioritic,Diorite,,Diorite,, 
COXq;0,Major,Metamorphic,Metasedimentary,Metaclastic,Quartzite,,Quartzite,, 
COXq;0,Major,Sedimentary,Clastic,Conglomerate,,,Conglomerate,, 
COXq;0,Minor,Metamorphic,Schist,,,,Schist,,mica schist 
COYam;0,Major,Igneous,Hypabyssal,Mafic-hypabyssal,Hypabyssal-mafic-alkaline,,Hypabyssal-mafic-alkaline,, 
COYam;0,Incidental,Igneous,Plutonic,Dioritic,,,Dioritic,Dike or sill,diabase 
COYg;0,Major,Igneous,Plutonic,Granitic,Alkali-feldspar-granite,,Alkali-feldspar-granite,,includes peraluminous granites 
COYg;0,Major,Igneous,Plutonic,Granitic,Granite,,Granite,, 
COYg;0,Minor,Igneous,Plutonic,Syenitic,Quartz-monzonite,,Quartz-monzonite,, 
COYp;0,Major,Igneous,Plutonic,Granitic,Granite,,Granite ,,
COYp;0,Minor,Igneous,Plutonic,Syenitic,Quartz-monzonite,,Quartz-monzonite ,,
COYp;0,Major,Igneous,Plutonic,Granitic,Alkali-feldspar-granite,,Alkali-feldspar-granite ,,
COYu;0,Major,Metamorphic,Metasedimentary,Metaclastic,Quartzite,,Quartzite ,,
COYu;0,Major,Sedimentary,Clastic,Conglomerate,,,Conglomerate ,,
COYu;0,Major,Sedimentary,Clastic,Mudstone,Shale,,Shale ,,
COYXg;0,Major,Igneous,Plutonic,Granitic,,,Granitic ,,
COYXu;0,Major,Metamorphic,Metasedimentary,Metaclastic,Quartzite,,Quartzite ,,
COYXu;0,Major,Metamorphic,Metasedimentary,Metaclastic,Slate,,Slate ,,
COYXu;0,Major,Metamorphic,Metasedimentary,Metaclastic,Phyllite,,Phyllite ,,
COwater;0,Major,Water,,,,,Water,, 
COKdb;0,Major,Sedimentary,Clastic,Mudstone,Shale,,Shale, ,
COPAh;0,Major,Sedimentary,Clastic,Mudstone,Shale,,Shale ,,
COTs;0,Major,Sedimentary,Clastic,Conglomerate,,,Conglomerate,, 
COXb;0,Major,Metamorphic,Schist,,,,Schist,, 
