state,orig_label,map_sym1,map_sym2,unit_link,prov_no,province,unit_name,unit_age,unitdesc,strat_unit,unit_com,map_ref,rocktype1,rocktype2,rocktype3,unit_ref,map_symb2
CO  ,Jme,Jme,Jme;0,COJme;0,0,,Morrison Fm and Entrada Sandstone,Phanerozoic | Mesozoic | Jurassic,,,,CO002,mudstone,sandstone,,CO002 ,
CO  ,Th,Th,Th;0,COTh;0,0,,Huerfano Fm,Phanerozoic | Cenozoic | Tertiary,Shale and sandstone. Includes Farisita Conglomerate in northwestern Huerfano County,,,CO002,shale,sandstone,conglomerate,CO002 ,
CO  ,Tsp,Tsp,Tsp;0,COTsp;0,0,,South Park Fm,Phanerozoic | Cenozoic | Tertiary,"Arkosic sandstone and shale, volcaniclastic conglomerate, and andesite flows and breccia",,,CO002,sandstone,shale,conglomerate; andesite; volcanic breccia (agglo,CO002 ,
CO  ,Kcg,Kcg,Kcg;0,COKcg;0,0,,"Carlile Shale, Greenhorn Limestone, and Graneros Shale",Phanerozoic | Mesozoic | Cretaceous,,,,CO002,shale,limestone,,CO002 ,
CO  ,Jm,Jm,Jm;0,COJm;0,0,,Morrison Fm,Phanerozoic | Mesozoic | Jurassic,"Variegated claystone, mudstone, sandstone, and local beds of limestone",,,CO002,mudstone,sandstone,limestone,CO002 ,
CO  ,J@mc,JTRmc,JTRmc;0,COJTRmc;0,0,,"Morrison, Entrada, and Chinle Fms",Phanerozoic | Mesozoic | Triassic Jurassic,"Along southern Grand Hogback, Chinle is represented only by basal Gartra Sandstone Member",,,CO002,mudstone,sandstone,,CO002 ,
CO  ,_am,CAam,CAam;0,COCAam;0,0,,Intrusive rocks,Phanerozoic | Paleozoic | Cambrian,"Alkalic and mafic intrusive rocks in small plutons, and diabase dikes",,,CO002,diabase,,,CO002 ,
CO  ,_l,CAl,CAl;0,COCAl;0,0,,Lodore Fm,Phanerozoic | Paleozoic | Cambrian,"Sandstone, shale, and conglomerate",,,CO002,sandstone,shale,conglomerate,CO002 ,
CO  ,Tdu,Tdu,Tdu;0,COTdu;0,0,,Upper part of Dawson Arkose,Phanerozoic | Cenozoic | Tertiary,"Arkosic sandstone, conglomerate, and shale. Includes Green Mountain Conglomerate south of Golden",,,CO002,sandstone,conglomerate,shale,CO002 ,
CO  ,Tbr,Tbr,Tbr;0,COTbr;0,0,,Rhyolitic intrusive rocks and flows of late-volcanic bimodal suite,Phanerozoic | Cenozoic | Tertiary,,,,CO002,rhyolite,,,CO002 ,
CO  ,Kmgs,Kmgs,Kmgs;0,COKmgs;0,0,,Mount Garfield Fm and Sego Sandstone,Phanerozoic | Mesozoic | Cretaceous,Sandstone and shale; major coal beds in lower part of Mount Garfield,,,CO002,sandstone,shale,coal,CO002 ,
CO  ,Jms,Jms,Jms;0,COJms;0,0,,Morrison Fm and Sundance Fm,Phanerozoic | Mesozoic | Jurassic,"Sundance Fm: Sandstone, shale, claystone, and limestone",,,CO002,mudstone,sandstone,limestone,CO002 ,
CO  ,Tbp,Tbp,Tbp;0,COTbp;0,0,,Browns Park Fm,Phanerozoic | Cenozoic | Tertiary,Sandstone and siltstone; west of Park Range,,,CO002,sandstone,siltstone,,CO002 ,
CO  ,Tt,Tt,Tt;0,COTt;0,0,,Troublesome Fm,Phanerozoic | Cenozoic | Tertiary,Sandstone and siltstone; in Middle Park,,,CO002,sandstone,siltstone,,CO002 ,
CO  ,Jmse,Jmse,Jmse;0,COJmse;0,0,,"Morrison Fm, Summerville Fm, and Entrada Sandstone",Phanerozoic | Mesozoic | Jurassic,Summerville Fm: Shale and siltstone,,,CO002,mudstone,sandstone,,CO002 ,
CO  ,Kp,Kp,Kp;0,COKp;0,0,,"Pierre Shale, undivided",Phanerozoic | Mesozoic | Cretaceous,,,,CO002,shale,,,CO002 ,
CO  ,Kpcl,Kpcl,Kpcl;0,COKpcl;0,0,,Pictured Cliffs Sandstone and Lewis Shale,Phanerozoic | Mesozoic | Cretaceous,,,,CO002,sandstone,shale,,CO002 ,
CO  ,TKi,TKi,TKi;0,COTKi;0,0,,Laramide intrusive rocks,Phanerozoic | Mesozoic Cenozoic | Cretaceous Tertiary,Mainly intermediate to felsic compositions; some mafic,,,CO002,granitoid,,,CO002 ,
CO  ,Kpg,Kpg,Kpg;0,COKpg;0,0,,"Pierre Shale (Kp), Niobrara (Kn), and Carlile, Greenhorn, and Graneros (Kcg) Fms, undivided",Phanerozoic | Mesozoic | Cretaceous,,,,CO002,shale,limestone,,CO002 ,
CO  ,_s,CAs,CAs;0,COCAs;0,0,,Sawatch Quartzite,Phanerozoic | Paleozoic | Cambrian,Locally includes Peerless Fm,,,CO002,quartzite,sandstone,dolostone (dolomite),CO002 ,
CO  ,DO,DO,DO;0,CODO;0,0,,"Parting, Fremont, and Harding Fms",Phanerozoic | Paleozoic | Ordovician Silurian(?) Devonian,,,,CO002,quartzite,sandstone,limestone; shale,CO002 ,
CO  ,DO_,DOCA,DOCA;0,CODOCA;0,0,,"Williams Canyon Limestone, Manitou Limestone, and Sawatch Quartzite",Phanerozoic | Paleozoic | Cambrian Ordovician(?) Silurian(?) Devonian,,,,CO002,limestone,quartzite,,CO002 ,
CO  ,Jmc,Jmc,Jmc;0,COJmc;0,0,,Morrison Fm and Curtis Fm,Phanerozoic | Mesozoic | Jurassic,"Morrison Fm: Variegated claystone, mudstone, sandstone, and local beds of limestone. Curtis Fm: glauconitic sandstone and limestone",,,CO002,mudstone,sandstone,limestone,CO002 ,
CO  ,Jmce,Jmce,Jmce;0,COJmce;0,0,,"Morrison, Curtis, and Entrada Fms",Phanerozoic | Mesozoic | Jurassic,"In extreme southwestern Moffat County, includes thin wedge of Carmel Fm (red siltstone and sandstone) beneath Entrada",,,CO002,mudstone,sandstone,,CO002 ,
CO  ,Jmj,Jmj,Jmj;0,COJmj;0,0,,Morrison Fm and Junction Creek Sandstone,Phanerozoic | Mesozoic | Jurassic,In Gunnison River area east of wedgeout of all units of Wanakah Fm (Jmw) except the Junction Creek Member,,,CO002,mudstone,sandstone,,CO002 ,
CO  ,Jmr,Jmr,Jmr;0,COJmr;0,0,,Morrison and Ralston Creek Fms,Phanerozoic | Mesozoic | Jurassic,"Ralston Creek Fm: Claystone, sandstone, limestone, and gypsum",,,CO002,mudstone,sandstone,limestone; evaporite,CO002 ,
CO  ,Jmre,Jmre,Jmre;0,COJmre;0,0,,"Morrison, Ralston Creek, and Entrada (or Exeter) Fms",Phanerozoic | Mesozoic | Jurassic,,,,CO002,mudstone,sandstone,,CO002 ,
CO  ,Jmw,Jmw,Jmw;0,COJmw;0,0,,Morrison Fm and Wanakah Fm (Junction Creek Sandstone Member at or near top; Pony Express Limestone Member at base),Phanerozoic | Mesozoic | Jurassic,"Wanakah Fm: Sandstone, shale, limestone, and local gypsum",,,CO002,mudstone,sandstone,limestone; evaporite,CO002 ,
CO  ,Jmwe,Jmwe,Jmwe;0,COJmwe;0,0,,"Morrison, Wanakah, and Entrada Fms",Phanerozoic | Mesozoic | Jurassic,,,,CO002,mudstone,sandstone,limestone,CO002 ,
CO  ,J@g,JTRg,JTRg;0,COJTRg;0,0,,Glen Canyon Sandstone,Phanerozoic | Mesozoic | Triassic Jurassic,In northwest,,,CO002,sandstone,,,CO002 ,
CO  ,J@gc,JTRgc,JTRgc;0,COJTRgc;0,0,,Glen Canyon Group and Chinle Fm,Phanerozoic | Mesozoic | Triassic Jurassic,"In southwest, Glen Canyon Group consists of Navajo Sandstone, Kayenta Fm (red siltstone, shale, and sandstone) and Wingate Sandstone; Chinle is red siltstone",,,CO002,sandstone,siltstone,shale,CO002 ,
CO  ,J@mg,JTRmg,JTRmg;0,COJTRmg;0,0,,"Morrison, Curtis, Entrada, and Glen Canyon Fms",Phanerozoic | Mesozoic | Triassic Jurassic,Curtis is absent along Grand Hogback,,,CO002,mudstone,sandstone,,CO002 ,
CO  ,Kc,Kc,Kc;0,COKc;0,0,,Colorado Group,Phanerozoic | Mesozoic | Cretaceous,"Consists of Niobrara Formation (Kn) and either Benton Shale or Carlile, Greenhorn, and Graneros Fms (Kcg)",,,CO002,shale,limestone,,CO002 ,
CO  ,Kch,Kch,Kch;0,COKch;0,0,,Cliff House Sandstone,Phanerozoic | Mesozoic | Cretaceous,,,,CO002,sandstone,,,CO002 ,
CO  ,Kd,Kd,Kd;0,COKd;0,0,,Dakota Sandstone or Group,Phanerozoic | Mesozoic | Cretaceous,,,,CO002,sandstone,,,CO002 ,
CO  ,Kdb,Kdb,Kdb;0,COKdb;0,0,,Dakota Sandstone and Burro Canyon Fm,Phanerozoic | Mesozoic | Cretaceous,"Sandstone, shale, and conglomerate. In northwest and west-central: Lower Cretaceous. In southwest: Lower and Upper Cretaceous.",,,CO002,sandstone,shale,conglomerate,CO002 ,
CO  ,Kdp,Kdp,Kdp;0,COKdp;0,0,,Dakota Sandstone and Purgatoire Fm,Phanerozoic | Mesozoic | Cretaceous,Sandstone and shale,,,CO002,sandstone,shale,,CO002 ,
CO  ,Kf,Kf,Kf;0,COKf;0,0,,Fox Hills Sandstone,Phanerozoic | Mesozoic | Cretaceous,,,,CO002,sandstone,,,CO002 ,
CO  ,Kfd,Kfd,Kfd;0,COKfd;0,0,,"Frontier Sandstone and Mowry Shale Members of Mancos Shale, and Dakota Sandstone",Phanerozoic | Mesozoic | Cretaceous,"Locally includes, at base, Burro Canyon Fm (shale and sandstone) or, in western Moffat County, Cedar Mountain Fm (conglomerate and shale)",,,CO002,sandstone,shale,conglomerate,CO002 ,
CO  ,Kh,Kh,Kh;0,COKh;0,0,,Hunter Canyon Fm,Phanerozoic | Mesozoic | Cretaceous,Sandstone and shale,,,CO002,sandstone,shale,,CO002 ,
CO  ,Ki,Ki,Ki;0,COKi;0,0,,Iles Fm,Phanerozoic | Mesozoic | Cretaceous,Sandstone and shale. Trout Creek Sandstone Member at top; coal beds in upper half,,,CO002,sandstone,shale,coal,CO002 ,
CO  ,KJde,KJde,KJde;0,COKJde;0,0,,"Dakota, Purgatoire, Morrison, Ralston Creek, and Entrada Fms in southeast. Dakota, Morrison, and Entrada Fms in central mountains. Dakota, Burro Canyon, Morrison, Wanakah, and Entrada Fms in Gunnison River area. Dakota, Morriso",Phanerozoic | Mesozoic | Jurassic Cretaceous,,,,CO002,sandstone,mudstone,limestone,CO002 ,
CO  ,KJdj,KJdj,KJdj;0,COKJdj;0,0,,"Dakota, Burro Canyon, Morrison, and Junction Creek Fms",Phanerozoic | Mesozoic | Jurassic Cretaceous,Burro Canyon is locally absent,,,CO002,sandstone,mudstone,shale,CO002 ,
CO  ,KJdm,KJdm,KJdm;0,COKJdm;0,0,,Dakota and Morrison Fms,Phanerozoic | Mesozoic | Jurassic Cretaceous,,,,CO002,sandstone,mudstone,shale,CO002 ,
CO  ,KJdr,KJdr,KJdr;0,COKJdr;0,0,,"Dakota Group and Morrison And Ralston Creek Fms at mountain front between Boulder and Colorado Springs. Dakota, Purgatoire, Morrison, and Ralston Creek Fms in Canon City area",Phanerozoic | Mesozoic | Jurassic Cretaceous,,,,CO002,sandstone,mudstone,,CO002 ,
CO  ,KJds,KJds,KJds;0,COKJds;0,0,,"Dakota, Morrison, and Sundance Fms",Phanerozoic | Mesozoic | Jurassic Cretaceous,,,,CO002,sandstone,mudstone,,CO002 ,
CO  ,KJdw,KJdw,KJdw;0,COKJdw;0,0,,"Dakota, Burro Canyon, Morrison, and Wanakah Fms",Phanerozoic | Mesozoic | Jurassic Cretaceous,,,,CO002,sandstone,mudstone,limestone,CO002 ,
CO  ,Kkf,Kkf,Kkf;0,COKkf;0,0,,Kirtland Shale and Fruitland Fm,Phanerozoic | Mesozoic | Cretaceous,"Shale, sandstone, and major coal beds",,,CO002,shale,sandstone,coal,CO002 ,
CO  ,Kl,Kl,Kl;0,COKl;0,0,,Laramie Fm,Phanerozoic | Mesozoic | Cretaceous,"Shale, claystone, sandstone, and major coal beds",,,CO002,shale,claystone,sandstone; coal,CO002 ,
CO  ,Klf,Klf,Klf;0,COKlf;0,0,,Laramie Fm and Fox Hills Sandstone,Phanerozoic | Mesozoic | Cretaceous,,,,CO002,sandstone,mudstone,coal,CO002 ,
CO  ,Kln,Kln,Kln;0,COKln;0,0,,Lance Fm,Phanerozoic | Mesozoic | Cretaceous,"Shale, sandstone, and minor coal beds; Fox Hills equivalent at base",,,CO002,shale,sandstone,coal,CO002 ,
CO  ,Kls,Kls,Kls;0,COKls;0,0,,Lewis Shale,Phanerozoic | Mesozoic | Cretaceous,,,,CO002,shale,,,CO002 ,
CO  ,Km,Km,Km;0,COKm;0,0,,Mancos Shale,Phanerozoic | Mesozoic | Cretaceous,"Intertongues complexly with units overlying Mesaverde Group or Formation; lower part consists of a calcareous Niobrara equivalent and Frontier Sandstone and Mowry Shale Members; in areas where the Frontier and Mowry Members (Kmfm), or these and the Dakota Sandstone (Kfd) are distinguished, map unit (Km) consists of shale above Frontier Member",,,CO002,shale,sandstone,,CO002 ,
CO  ,Kmfm,Kmfm,Kmfm;0,COKmfm;0,0,,Mancos Shale--Frontier Sandstone and Mowry Shale Members,Phanerozoic | Mesozoic | Cretaceous,Frontier Sandstone and Mowry Shale Members and intervening shale zone,,,CO002,sandstone,shale,,CO002 ,
CO  ,Kmj,Kmj,Kmj;0,COKmj;0,0,,Mancos Shale--Juana Lopez Member,Phanerozoic | Mesozoic | Cretaceous,Calcareous sandstone; a thin but persistent unit distinguished only locally,,,CO002,sandstone,shale,,CO002 ,
CO  ,Kmp,Kmp,Kmp;0,COKmp;0,0,,Menefee Fm and Point Lookout Sandstone,Phanerozoic | Mesozoic | Cretaceous,"sandstone, shale, and coal; sandstone",,,CO002,sandstone,shale,coal,CO002 ,
CO  ,Kmv,Kmv,Kmv;0,COKmv;0,0,,"Mesaverde Fm, undivided",Phanerozoic | Mesozoic | Cretaceous,"In northwest and west-central: Major coal beds in lower part; Rollins Sandstone Member at base in Delta, Gunnison, and Pitkin Counties. In southwest: sandstone and shale.",,,CO002,sandstone,shale,coal,CO002 ,
CO  ,Kmw,Kmw,Kmw;0,COKmw;0,0,,Windy Gap Member of Middle Park Fm,Phanerozoic | Mesozoic | Cretaceous,Andesitic breccia and conglomerate,,,CO002,mixed clastic/volcanic,,,CO002 ,
CO  ,Kn,Kn,Kn;0,COKn;0,0,,Niobrara Fm,Phanerozoic | Mesozoic | Cretaceous,Calcareous shale and limestone,,,CO002,shale,limestone,,CO002 ,
CO  ,Kpl,Kpl,Kpl;0,COKpl;0,0,,Pierre Shale--Lower unit,Phanerozoic | Mesozoic | Cretaceous,Sharon Springs Member (organic-rich shale and numerous bentonite beds) in lower part,,,CO002,shale,bentonite,,CO002 ,
CO  ,Kpm,Kpm,Kpm;0,COKpm;0,0,,Pierre Shale--Middle unit,Phanerozoic | Mesozoic | Cretaceous,"In Boulder-Fort Collins area, contains Richard, Larimer, Rocky Ridge, Terry, and Hygiene Sandstone Members; elsewhere shale between zones of Baculites reesidei and B. scotti",,,CO002,shale,sandstone,,CO002 ,
CO  ,Kpu,Kpu,Kpu;0,COKpu;0,0,,Pierre Shale--Upper unit,Phanerozoic | Mesozoic | Cretaceous,,,,CO002,shale,,,CO002 ,
CO  ,Ksc,Ksc,Ksc;0,COKsc;0,0,,"Sego Sandstone, Buck Tongue of Mancos Shale, and Castlegate Sandstone",Phanerozoic | Mesozoic | Cretaceous,,,,CO002,sandstone,shale,,CO002 ,
CO  ,Kvt,Kvt,Kvt;0,COKvt;0,0,,Vermejo Fm and Trinidad Sandstone,Phanerozoic | Mesozoic | Cretaceous,"Shale, sandstone, and major coal beds; sandstone",,,CO002,sandstone,shale,coal,CO002 ,
CO  ,Kw,Kw,Kw;0,COKw;0,0,,Williams Fork Fm,Phanerozoic | Mesozoic | Cretaceous,"Sandstone, shale, and major coal beds",,,CO002,sandstone,shale,coal,CO002 ,
CO  ,M_,MCA,MCA;0,COMCA;0,0,,"Leadville Limestone, Williams Canyon Limestone , Manitou Limestone, and Sawatch Quartzite",Phanerozoic | Paleozoic | Cambrian Ordovician(?) Silurian(?) Devonian(?) Carboniferous,,,,CO002,limestone,quartzite,,CO002 ,
CO  ,M_ml,MCAml,MCAml;0,COMCAml;0,0,,Madison Limestone and Lodore Fm,Phanerozoic | Paleozoic | Cambrian Ordovician(?) Silurian(?) Devonian(?) Carboniferous,,,,CO002,limestone,sandstone,shale; conglomerate,CO002 ,
CO  ,MD,MD,MD;0,COMD;0,0,,"Leadville Limestone, Gilman Sandstone, Dyer Dolomite, and Parting Fm",Phanerozoic | Paleozoic | Ordovician Silurian(?) Devonian,Parting Fm: quartzite and shale.,,,CO002,limestone,sandstone,dolostone (dolomite); shale; quartzite,CO002 ,
CO  ,MD_,MDCA,MDCA;0,COMDCA;0,0,,"Leadville, Gilman, Dyer, Parting, and Sawatch Fms in west-central and south-central. Leadville Limestone, Ouray Limestone, Elbert Fm, and Ignacio Quartzite in far southwest",Phanerozoic | Paleozoic | Cambrian Ordovician(?) Silurian(?) Devonian(?) Carboniferous,Elbert Fm: shale and sandstone.,,,CO002,limestone,dolostone (dolomite),quartzite; sandstone; shale,CO002 ,
CO  ,MDO,MDO,MDO;0,COMDO;0,0,,"Leadville Limestone, Williams Canyon Limestone, and one or more of: Fremont Limestone, Harding Sandstone, and Manitou Limestone",Phanerozoic | Paleozoic | Ordovician Silurian(?) Devonian(?) Carboniferous Mississippia,,,,CO002,limestone,sandstone,,CO002 ,
CO  ,Mm,Mm,Mm;0,COMm;0,0,,Madison Limestone,Phanerozoic | Paleozoic | Carboniferous Mississippian,"Upper part includes equivalents of Upper Mississippian Doughnut and Humbug Fms (shale, limestone, and sandstone)",,,CO002,limestone,shale,sandstone,CO002 ,
CO  ,Mz,MZ,MZ;0,COMZ;0,0,,Mesozoic rocks,Lower Phanerozoic | Mesozoic | Cretaceous-Triassic,"Mainly Lower Cretaceous, Jurassic, and Triassic Fms",,,CO002,clastic,,,CO002 ,
CO  ,MzPz,MZPZ,MZPZ;0,COMZPZ;0,0,,Mesozoic and Paleozoic rocks,Phanerozoic | Paleozoic Mesozoic | Carboniferous Pennsylvanian,Mainly as in Mesozoic unit (MZ) plus Permian and Pennsylvanian Fms,,,CO002,clastic,,,CO002 ,
CO  ,O_,OCA,OCA;0,COOCA;0,0,,"Manitou Limestone and Sawatch Quartzite in Southern Front Range and Wet Mountains. One or more Ordovician Fms (Fremont Limestone, Harding Sandstone, and Manitou Dolomite), Dotsero Fm, Peerless Fm, and Sawatch Quartzite in west-ce",Phanerozoic | Paleozoic | Cambrian Ordovician,"Dotsero Fm: Dolomite, in White River plateau only. Peerless Fm: sandstone and dolomite.",,,CO002,limestone,dolostone (dolomite),quartzite; sandstone,CO002 ,
CO  ,Or,Or,Or;0,COOr;0,0,,One or more Ordovician fms,Phanerozoic | Paleozoic | Ordovician,"Fremont Limestone, Harding Sandstone, and Manitou Limestone",,,CO002,limestone,sandstone,,CO002 ,
CO  ,&b,PAb,PAb;0,COPAb;0,0,,Belden Fm,Phanerozoic | Paleozoic | Carboniferous Pennsylvanian,"Shale, limestone, and sandstone. Includes Kerber Fm in south-central",,,CO002,shale,limestone,sandstone,CO002 ,
CO  ,&e,PAe,PAe;0,COPAe;0,0,,Eagle Valley Fm,Phanerozoic | Paleozoic | Carboniferous Pennsylvanian,"Siltstone, shale, and local gypsum",,,CO002,siltstone,shale,evaporite,CO002 ,
CO  ,&ee,PAee,PAee;0,COPAee;0,0,,Eagle Valley Fm - evaporitic facies,Phanerozoic | Paleozoic | Carboniferous Pennsylvanian,"Gypsum, siltstone, and shale; salt present in deep borings. Intertongues with Minturn and Lower Maroon Fms. Diapiric structure in many places",,,CO002,siltstone,shale,evaporite,CO002 ,
CO  ,&h,PAh,PAh;0,COPAh;0,0,,Hermosa Fm,Phanerozoic | Paleozoic | Carboniferous Pennsylvanian,"Arkosic sandstone, conglomerate, shale, and limestone; gypsum and salt in Paradox Member present in salt anticlines near Utah border",,,CO002,sandstone,conglomerate,shale; limestone; evaporite,CO002 ,
CO  ,&m,PAm,PAm;0,COPAm;0,0,,Minturn Fm in west-central and south-central and other units,Phanerozoic | Paleozoic | Carboniferous Pennsylvanian,"Arkosic sandstone, conglomerate, shale, and limestone. Includes Madera Fm and Sharpsdale Fm of Chronic (1958) in Sangre de Cristo Range and Gothic Fm of Langenheim (1952) in Elk Mountains. Other units of Middle Pennsylvanian age.",,,CO002,sandstone,conglomerate,shale; limestone,CO002 ,
CO  ,&mb,PAmb,PAmb;0,COPAmb;0,0,,Minturn and Belden Fms,Phanerozoic | Paleozoic | Carboniferous Pennsylvanian,,,,CO002,sandstone,shale,limestone; conglomerate,CO002 ,
CO  ,&mr,PAmr,PAmr;0,COPAmr;0,0,,Morgan Fm and Round Valley Limestone,Phanerozoic | Paleozoic | Carboniferous Pennsylvanian,"Morgan Fm: limestone, sandstone, and shale. In far northwest.",,,CO002,limestone,sandstone,shale,CO002 ,
CO  ,&rh,PArh,PArh;0,COPArh;0,0,,Rico and Hermosa Fms,Phanerozoic | Paleozoic | Carboniferous Pennsylvanian,"Arkosic sandstone, conglomerate, shale, and limestone. Includes at base in some areas siltstone and shale of Molas Fm or Larsen Quartzite",,,CO002,sandstone,conglomerate,shale; limestone; mudstone,CO002 ,
CO  ,Pc,Pc,Pc;0,COPc;0,0,,Cutler Fm,Phanerozoic | Paleozoic | Permian,"Arkosic sandstone, siltstone, and conglomerate",,,CO002,sandstone,siltstone,conglomerate,CO002 ,
CO  ,Pp,Pp,Pp;0,COPp;0,0,,Park City Fm,Phanerozoic | Paleozoic | Permian,Calcareous siltstone and sandstone,,,CO002,siltstone,sandstone,,CO002 ,
CO  ,P&cf,PPAcf,PPAcf;0,COPPAcf;0,0,,Casper Fm and Lower part of Fountain Fm,Phanerozoic | Paleozoic | Carboniferous Pennsylvanian Permian,Casper Fm: sandstone,,,CO002,sandstone,conglomerate,,CO002 ,
CO  ,P&f,PPAf,PPAf;0,COPPAf;0,0,,Fountain Fm,Phanerozoic | Paleozoic | Carboniferous Pennsylvanian Permian,Arkosic sandstone and conglomerate,,,CO002,sandstone,conglomerate,,CO002 ,
CO  ,P&if,PPAif,PPAif;0,COPPAif;0,0,,Ingleside Fm and Fountain Fm,Phanerozoic | Paleozoic | Carboniferous Pennsylvanian Permian,Ingleside Fm: Limestone and calcareous sandstone. Fountain Fm: arkosic sandstone and conglomerate,,,CO002,sandstone,limestone,conglomerate,CO002 ,
CO  ,P&m,PPAm,PPAm;0,COPPAm;0,0,,Maroon Fm,Phanerozoic | Paleozoic | Carboniferous Pennsylvanian Permian,"Arkosic sandstone, siltstone, conglomerate, and local limestone",,,CO002,sandstone,siltstone,conglomerate; limestone,CO002 ,
CO  ,P&s,PPAs,PPAs;0,COPPAs;0,0,,Sangre de Cristo Fm,Phanerozoic | Paleozoic | Carboniferous Pennsylvanian Permian,"Arkosic conglomerate, sandstone, and siltstone",,,CO002,conglomerate,sandstone,siltstone,CO002 ,
CO  ,P&w,PPAw,PPAw;0,COPPAw;0,0,,Weber Sandstone,Phanerozoic | Paleozoic | Carboniferous Pennsylvanian Permian,,,,CO002,sandstone,,,CO002 ,
CO  ,P&wm,PPAwm,PPAwm;0,COPPAwm;0,0,,Weber Sandstone and Maroon Fm,Phanerozoic | Paleozoic | Carboniferous Pennsylvanian Permian,,,,CO002,sandstone,siltstone,conglomerate,CO002 ,
CO  ,Pu,Pu,Pu;0,COPu;0,0,,"Upper Permian rocks, undivided",Phanerozoic | Paleozoic | Permian,"Siltstone, dolomite, and sandstone; in southeast",,,CO002,siltstone,dolostone (dolomite),sandstone,CO002 ,
CO  ,Qa,Qa,Qa;0,COQa;0,0,,Modern alluvium,Phanerozoic | Cenozoic | Quaternary,Includes Piney Creek Alluvium and younger deposits,,,CO002,alluvium,,,CO001 ,
CO  ,Qb,Qb,Qb;0,COQb;0,0,,Basalt flows,Phanerozoic | Cenozoic | Quaternary,,,,CO002,basalt,,,CO002 ,
CO  ,Qd,Qd,Qd;0,COQd;0,0,,Glacial drift,Phanerozoic | Cenozoic | Quaternary,Includes some unclassified glacial deposits,,,CO002,glacial drift,,,CO002 ,
CO  ,Qdo,Qdo,Qdo;0,COQdo;0,0,,Older glacial drift,Phanerozoic | Cenozoic | Quaternary,,,,CO002,glacial drift,,,CO002 ,
CO  ,Qe,Qe,Qe;0,COQe;0,0,,Eolian deposits,Phanerozoic | Cenozoic | Quaternary,Includes dune sand and silt and Peoria Loess,,,CO002,dune sand,silt,loess,CO002 ,
CO  ,Qeo,Qeo,Qeo;0,COQeo;0,0,,Older eolian deposits,Phanerozoic | Cenozoic | Quaternary,Includes Loveland Loess,,,CO002,dune sand,silt,loess,CO002 ,
CO  ,Qg,Qg,Qg;0,COQg;0,0,,Gravels and alluviums,Phanerozoic | Cenozoic | Quaternary,Includes Broadway and Louviers Alluviums,,,CO002,gravel,alluvium,,CO002 ,
CO  ,Qgo,Qgo,Qgo;0,COQgo;0,0,,Older gravels and alluviums,Phanerozoic | Cenozoic | Quaternary,"Includes Slocum, Verdos, Rocky Flats, and Nussbaum Alluviums in east, and Florida, Bridgetimber, and Bayfield Gravels in southwest",,,CO002,gravel,alluvium,,CO002 ,
CO  ,Ql,Ql,Ql;0,COQl;0,0,,Landslide deposits,Phanerozoic | Cenozoic | Quaternary,"Locally includes talus, rock-glacier, and thick colluvial deposits",,,CO002,landslide,talus,colluvium,CO002 ,
CO  ,QTa,QTa,QTa;0,COQTa;0,0,,Ancient alluvium,Phanerozoic | Cenozoic | Tertiary Quaternary,In isolated patches that may not all be of the same age,,,CO002,alluvium,,,CO002 ,
CO  ,QTsa,QTsa,QTsa;0,COQTsa;0,0,,Unclassified surficial deposits and underlying Alamosa Fm in San Luis Valley,Phanerozoic | Cenozoic | Tertiary Quaternary,"Alamosa Fm: gravel, sand, silt",,,CO002,alluvium,,,CO002 ,
CO  ,Ta,Ta,Ta;0,COTa;0,0,,Arikaree Fm,Phanerozoic | Cenozoic | Tertiary,Sandstone; contains abundant volcanically derived material,,,CO002,sandstone,conglomerate,tuff,CO002 ,
CO  ,Taf,Taf,Taf;0,COTaf;0,0,,Ash-flow tuff of main volcanic sequence,Phanerozoic | Cenozoic | Tertiary,Includes many named units,,,CO002,ash-flow tuff,,,CO002 ,
CO  ,Tb,Tb,Tb;0,COTb;0,0,,Bridger Fm,Phanerozoic | Cenozoic | Tertiary,Claystone and mudstone; in Sand Wash basin,,,CO002,mudstone,claystone,,CO002 ,
CO  ,Tbb,Tbb,Tbb;0,COTbb;0,0,,"Basalt flows and associated tuff, breccia, and conglomerate of late-volcanic bimodal suite",Phanerozoic | Cenozoic | Tertiary,Includes basalts of Hinsdale Fm in San Juan Mountains - Servilleta Fm in San Luis Valley and many other occurrences,,,CO002,basalt,tuff,volcanic breccia (agglomerate); conglomerate,CO002 ,
CO  ,Tbbi,Tbbi,Tbbi;0,COTbbi;0,0,,Basaltic intrusive rocks related to basalt flows,Phanerozoic | Cenozoic | Tertiary,In dikes and plugs,,,CO002,basalt,,,CO002 ,
CO  ,Tbrt,Tbrt,Tbrt;0,COTbrt;0,0,,Ash-flow tuff of late-volcanic bimodal suite,Phanerozoic | Cenozoic | Tertiary,,,,CO002,ash-flow tuff,,,CO002 ,
CO  ,Tc,Tc,Tc;0,COTc;0,0,,Coalmont Fm,Phanerozoic | Cenozoic | Tertiary,"Arkosic sandstone, conglomerate, and shale; coal in lower part; in North Park",,,CO002,sandstone,conglomerate,shale; coal,CO002 ,
CO  ,Tcu,Tcu,Tcu;0,COTcu;0,0,,Cuchara Fm,Phanerozoic | Cenozoic | Tertiary,Sandstone and shale,,,CO002,sandstone,shale,,CO002 ,
CO  ,Td,Td,Td;0,COTd;0,0,,Dry Union Fm,Phanerozoic | Cenozoic | Tertiary,"Siltstone, sandstone, and conglomerate. Includes Wagontongue Fm (Miocene) in South Park",,,CO002,siltstone,sandstone,conglomerate; tuff,CO002 ,
CO  ,Tdv,Tdv,Tdv;0,COTdv;0,0,,Basaltic flows in Denver Fm near Golden,Phanerozoic | Cenozoic | Tertiary,,,,CO002,basalt,,,CO002 ,
CO  ,Te,Te,Te;0,COTe;0,0,,Eocene prevolcanic sedimentary rocks,Phanerozoic | Cenozoic | Tertiary,"South-central: Arkosic sand and bouldery gravel of Echo Park Alluvium. Southwest: includes Telluride Conglomerate and Blanco Basin Fm (arkosic mudstone, sandstone, and conglomerate)",,,CO002,sandstone,conglomerate,mudstone,CO002 ,
CO  ,Tf,Tf,Tf;0,COTf;0,0,,Fort Union Fm,Phanerozoic | Cenozoic | Tertiary,"Shale, sandstone, and local coal beds",,,CO002,shale,sandstone,coal,CO002 ,
CO  ,Tg,Tg,Tg;0,COTg;0,0,,Green River Fm,Phanerozoic | Cenozoic | Tertiary,"Marlstone, sandstone, and oil shale",,,CO002,mudstone,shale,sandstone,CO002 ,
CO  ,Tgl,Tgl,Tgl;0,COTgl;0,0,,Green River Fm--Lower Part,Phanerozoic | Cenozoic | Tertiary,"Shale, sandstone, marlstone, and limestone in Anvil Points, Garden Gulch, and Douglas Creek Members; in Piceance basin",,,CO002,mudstone,shale,sandstone,CO002 ,
CO  ,Tglm,Tglm,Tglm;0,COTglm;0,0,,Green River Fm--Laney Member,Phanerozoic | Cenozoic | Tertiary,"Claystone, oil shale, and sandstone; in Sand Wash basin",,,CO002,claystone,oil shale,sandstone,CO002 ,
CO  ,Tglu,Tglu,Tglu;0,COTglu;0,0,,Green River Fm--Luman Tongue,Phanerozoic | Cenozoic | Tertiary,Carbonaceous shale and marlstone; in Sand Wash basin,,,CO002,shale,mudstone,,CO002 ,
CO  ,Tgp,Tgp,Tgp;0,COTgp;0,0,,Green River Fm--Parachute Creek Member,Phanerozoic | Cenozoic | Tertiary,"Parachute Creek Member--Oil shale, marlstone, and siltstone; in Piceance basin",,,CO002,mudstone,shale,oil shale,CO002 ,
CO  ,Tgt,Tgt,Tgt;0,COTgt;0,0,,Green River Fm--Tipton Tongue,Phanerozoic | Cenozoic | Tertiary,Claystone and oil shale; in Sand Wash basin. In extreme northwest includes rocks of Wilkins Peak Member,,,CO002,claystone,oil shale,,CO002 ,
CO  ,Tgv,Tgv,Tgv;0,COTgv;0,0,,Bouldery gravel on old erosion surfaces in Front Range and Never Summer Mountains,Phanerozoic | Cenozoic | Tertiary,,,,CO002,gravel,,,CO002 ,
CO  ,Tial,Tial,Tial;0,COTial;0,0,,Intra-ash flow andesitic lavas,Phanerozoic | Cenozoic | Tertiary,,,,CO002,andesite,,,CO002 ,
CO  ,Tiql,Tiql,Tiql;0,COTiql;0,0,,Intra-ash flow quartz latitic lavas,Phanerozoic | Cenozoic | Tertiary,,,,CO002,quartz latite,,,CO002 ,
CO  ,TKa,TKa,TKa;0,COTKa;0,0,,Animas Fm,Phanerozoic | Mesozoic Cenozoic | Cretaceous Tertiary,"Arkosic sandstone, shale, and conglomerate; contains abundant volcanic materials; Upper Cretaceous volcaniclastic McDermott Member at base",,,CO002,sandstone,shale,conglomerate; mixed clastic/volcanic,CO002 ,
CO  ,TKda,TKda,TKda;0,COTKda;0,0,,Denver and Arapahoe Fms,Phanerozoic | Mesozoic Cenozoic | Cretaceous Tertiary,"Sandstone, mudstone, claystone, and conglomerate; Denver is characterized by andesitic materials",,,CO002,sandstone,mudstone,conglomerate,CO002 ,
CO  ,TKdl,TKdl,TKdl;0,COTKdl;0,0,,Denver Fm or lower part of Dawson Arkose,Phanerozoic | Mesozoic Cenozoic | Cretaceous Tertiary,"Arkosic sandstone, shale, mudstone, conglomerate, and local coal beds",,,CO002,sandstone,shale,mudstone; conglomerate; coal,CO002 ,
CO  ,TKec,TKec,TKec;0,COTKec;0,0,,Telluride conglomerate of Eocene prevolcanic sedimentary rocks (Te) and Cimarron Ridge Fm,Phanerozoic | Mesozoic Cenozoic | Cretaceous Tertiary,In northwestern San Juan Mountains. Cimarron Ridge Fm: volcanic breccia and conglomerate.,,,CO002,conglomerate,volcanic breccia (agglomer,,CO002 ,
CO  ,TKr,TKr,TKr;0,COTKr;0,0,,Raton Fm,Phanerozoic | Mesozoic Cenozoic | Cretaceous Tertiary,"Arkosic sandstone, siltstone, and shale; contains major coal deposits in Raton Basin",,,CO002,sandstone,mudstone,coal,CO002 ,
CO  ,Tlp,Tlp,Tlp;0,COTlp;0,0,,Los Pinos Fm,Phanerozoic | Cenozoic | Tertiary,Volcaniclastic conglomerate interbedded with basalt flows of Hinsdale Fm (Tbb) on east flank of San Juan Mountains. Grades laterally into Santa Fe Fm of San Luis Valley,,,CO002,mixed clastic/volcanic,basalt,,CO002 ,
CO  ,Tm,Tm,Tm;0,COTm;0,0,,Middle Park Fm exclusive of Windy Gap Member,Phanerozoic | Cenozoic | Tertiary,Arkosic sandstone and conglomerate containing abundant volcanic materials. Arbitrary line between Middle Park and Coalmont Formations is at Continental Divide,,,CO002,sandstone,conglomerate,mixed clastic/volcanic,CO002 ,
CO  ,Tmi,Tmi,Tmi;0,COTmi;0,0,,Middle Tertiary intrusive rocks,Phanerozoic | Cenozoic | Tertiary,Intermediate to felsic compositions,,,CO002,plutonic rock (phanerit,,,CO002 ,
CO  ,Tn,Tn,Tn;0,COTn;0,0,,Nacimiento Fm,Phanerozoic | Cenozoic | Tertiary,Shale and sandstone,,,CO002,shale,sandstone,,CO002 ,
CO  ,Tnp,Tnp,Tnp;0,COTnp;0,0,,North Park Fm,Phanerozoic | Cenozoic | Tertiary,"Sandstone, siltstone, and conglomerate; in North Park and Laramie basin",,,CO002,sandstone,siltstone,conglomerate,CO002 ,
CO  ,To,To,To;0,COTo;0,0,,Ogallala Fm,Phanerozoic | Cenozoic | Tertiary,Loose to well-cemented sand and gravel,,,CO002,sandstone,conglomerate,,CO002 ,
CO  ,Tos,Tos,Tos;0,COTos;0,0,,Oligocene sedimentary rocks,Phanerozoic | Cenozoic | Tertiary,Northwest: includes Duchesne River Fm (sandstone and shale; includes some rocks of Eocene age) and Bishop Conglomerate near Utah border. South-central: includes Florissant Lake Beds (tuffaceous shale and tuff) and Antero Fm (lime,,,CO002,sandstone,shale,conglomerate,CO002 ,
CO  ,Tpc,Tpc,Tpc;0,COTpc;0,0,,Poison Canyon Fm,Phanerozoic | Cenozoic | Tertiary,"Arkosic conglomerate, sandstone, and shale",,,CO002,sandstone,conglomerate,shale,CO002 ,
CO  ,Tpl,Tpl,Tpl;0,COTpl;0,0,,"Pre-ash-flow andesitic lavas, breccias, tuffs, and conglomerates",Phanerozoic | Cenozoic | Tertiary,Includes several named units,,,CO002,andesite,tuff,volcanic breccia (agglomerate),CO002 ,
CO  ,@c,TRc,TRc;0,COTRc;0,0,,Chinle Fm,Phanerozoic | Mesozoic | Triassic,"Red siltstone, sandstone, and limestone-pellet conglomerate",,,CO002,siltstone,sandstone,conglomerate,CO002 ,
CO  ,@cc,TRcc,TRcc;0,COTRcc;0,0,,Chinle and Chugwater Fms,Phanerozoic | Mesozoic | Triassic,,,,CO002,sandstone,mudstone,evaporite,CO002 ,
CO  ,@ch,TRch,TRch;0,COTRch;0,0,,Chugwater Fm,Phanerozoic | Mesozoic | Triassic,"Red sandstone, siltstone, shale, and local limestone and gypsum",,,CO002,sandstone,mudstone,limestone; evaporite,CO002 ,
CO  ,@d,TRd,TRd;0,COTRd;0,0,,Dolores Fm,Phanerozoic | Mesozoic | Triassic,"Red siltstone, shale, sandstone, and limestone-pellet conglomerate",,,CO002,siltstone,shale,sandstone; conglomerate,CO002 ,
CO  ,@dg,TRdg,TRdg;0,COTRdg;0,0,,Dockum Group,Phanerozoic | Mesozoic | Triassic,"Red sandstone, siltstone, and local limestone",,,CO002,sandstone,siltstone,limestone,CO002 ,
CO  ,@kc,TRkc,TRkc;0,COTRkc;0,0,,"Kayenta Fm, Wingate Sandstone, and Chinle Fm",Phanerozoic | Mesozoic | Triassic,"Kayenta Fm: red siltstone, shale, and sandstone. Chinle Fm: red siltstone and sandstone",,,CO002,sandstone,siltstone,shale,CO002 ,
CO  ,@m,TRm,TRm;0,COTRm;0,0,,Moenkopi Fm,Phanerozoic | Mesozoic | Triassic,"Red siltstone, mudstone, sandstone, and local gypsum",,,CO002,mudstone,sandstone,evaporite,CO002 ,
CO  ,@&lf,TRPAlf,TRPAlf;0,COTRPAlf;0,0,,Lykins Lyons and Fountain Fms,Phanerozoic | Paleozoic Mesozoic | Carboniferous Pennsylvanian Permian(?) Triassic,"Red siltstone, sandstone, and conglomerate",,,CO002,siltstone,sandstone,conglomerate,CO002 ,
CO  ,@Pcp,TRPcp,TRPcp;0,COTRPcp;0,0,,"Chinle, Moenkopi, and Park City Fms",Phanerozoic | Paleozoic Mesozoic | Permian Triassic,"Red and gray siltstone, shale, and sandstone",,,CO002,siltstone,shale,sandstone,CO002 ,
CO  ,@Pcs,TRPcs,TRPcs;0,COTRPcs;0,0,,Chinle And State Bridge Fms,Phanerozoic | Paleozoic Mesozoic | Permian Triassic,Red siltstone and sandstone,,,CO002,siltstone,sandstone,,CO002 ,
CO  ,@Pdc,TRPdc,TRPdc;0,COTRPdc;0,0,,Dolores Fm and Cutler Fm,Phanerozoic | Paleozoic Mesozoic | Permian Triassic,"Red siltstone, sandstone, and conglomerate",,,CO002,siltstone,sandstone,conglomerate,CO002 ,
CO  ,@Pjs,TRPjs,TRPjs;0,COTRPjs;0,0,,"Jelm, Lykins, Lyons, and Satanka Fms",Phanerozoic | Paleozoic Mesozoic | Permian Triassic,"Red siltstone, shale, and sandstone",,,CO002,mudstone,sandstone,limestone,CO002 ,
CO  ,@Pl,TRPl,TRPl;0,COTRPl;0,0,,Lykins Fm,Phanerozoic | Paleozoic Mesozoic | Permian Triassic,"Red siltstone, shale, and limestone",,,CO002,siltstone,shale,limestone,CO002 ,
CO  ,@Pll,TRPll,TRPll;0,COTRPll;0,0,,Lykins Fm and Lyons Sandstone,Phanerozoic | Paleozoic Mesozoic | Permian Triassic,,,,CO002,sandstone,mudstone,limestone,CO002 ,
CO  ,@Pmc,TRPmc,TRPmc;0,COTRPmc;0,0,,Moenkopi Fm and Cutler Fm,Phanerozoic | Paleozoic Mesozoic | Permian Triassic,Red siltstone and sandstone,,,CO002,siltstone,sandstone,,CO002 ,
CO  ,@Pr,TRPr,TRPr;0,COTRPr;0,0,,Triassic and Permian rocks,Phanerozoic | Paleozoic Mesozoic | Permian Triassic,"Red siltstone, shale, and sandstone. Includes various combinations of Nugget, Jelm, Popo Agie, Chugwater, Red Peak, Forelle, Satanka, and Goose Egg Fms near Wyoming border",,,CO002,siltstone,shale,sandstone,CO002 ,
CO  ,@Ps,TRPs,TRPs;0,COTRPs;0,0,,State Bridge Fm,Phanerozoic | Paleozoic Mesozoic | Permian Triassic,Red and orange siltstone and sandstone,,,CO002,siltstone,sandstone,,CO002 ,
CO  ,@wc,TRwc,TRwc;0,COTRwc;0,0,,Wingate Sandstone and Chinle Fm,Phanerozoic | Mesozoic | Triassic,,,,CO002,sandstone,siltstone,conglomerate,CO002 ,
CO  ,Ts,Ts,Ts;0,COTs;0,0,,Santa Fe Fm,Phanerozoic | Cenozoic | Tertiary,"Siltstone, sandstone, and conglomerate",,,CO002,siltstone,sandstone,conglomerate,CO002 ,
CO  ,Tsj,Tsj,Tsj;0,COTsj;0,0,,San Jose Fm,Phanerozoic | Cenozoic | Tertiary,"Siltstone, shale, and sandstone",,,CO002,siltstone,shale,sandstone,CO002 ,
CO  ,Tu,Tu,Tu;0,COTu;0,0,,Uinta Fm,Phanerozoic | Cenozoic | Tertiary,Sandstone and siltstone; in Piceance basin. Formerly Evacuation Creek Member of Green River Fm,,,CO002,sandstone,siltstone,,CO002 ,
CO  ,Tui,Tui,Tui;0,COTui;0,0,,Upper Tertiary intrusive rocks,Phanerozoic | Cenozoic | Tertiary,Intermediate to felsic compositions,,,CO002,plutonic rock (phanerit,,,CO002 ,
CO  ,Tv,Tv,Tv;0,COTv;0,0,,Volcanic rocks in northwestern Colorado,Phanerozoic | Cenozoic | Tertiary,Mainly of intermediate compositions,,,CO002,intermediate volcanic r,,,CO002 ,
CO  ,Tw,Tw,Tw;0,COTw;0,0,,Wasatch Fm,Phanerozoic | Cenozoic | Tertiary,"Claystone, shale, and sandstone",,,CO002,claystone,shale,sandstone,CO002 ,
CO  ,Twc,Twc,Twc;0,COTwc;0,0,,Wasatch Fm--Cathedral Bluffs Tongue,Phanerozoic | Cenozoic | Tertiary,"Claystone, mudstone, and sandstone; in Sand Wash basin",,,CO002,claystone,mudstone,sandstone,CO002 ,
CO  ,Twm,Twm,Twm;0,COTwm;0,0,,Wall Mountain Tuff,Phanerozoic | Cenozoic | Tertiary,Early ash-flow tuff of Sawatch Range provenance,,,CO002,ash-flow tuff,,,CO002 ,
CO  ,Twn,Twn,Twn;0,COTwn;0,0,,Wasatch Fm--Niland Tongue,Phanerozoic | Cenozoic | Tertiary,"Mudstone, sandstone, and carbonaceous shale; in Sand Wash basin",,,CO002,mudstone,sandstone,shale,CO002 ,
CO  ,Two,Two,Two;0,COTwo;0,0,,Wasatch Fm (including Fort Union equivalent at base) and Ohio Creek Fm,Phanerozoic | Cenozoic | Tertiary,"Claystone, mudstone, sandstone, and conglomerate",,,CO002,mudstone,sandstone,shale; conglomerate,CO002 ,
CO  ,Twr,Twr,Twr;0,COTwr;0,0,,White River Fm or Group,Phanerozoic | Cenozoic | Tertiary,East: Ashy claystone and sandstone. Includes Castle Rock Conglomerate in region southeast of Denver. Northwest: Ashy claystone in North Park,,,CO002,sandstone,claystone,conglomerate,CO002 ,
CO  ,Wr,Wr,Wr;0,COWr;0,0,,Red Creek Quartzite,Archean,"Metaquartzite, amphibolite, and mica schist. Present only in small area at Utah border in Uinta Mountains",,,CO002,quartzite,amphibolite,mica schist,CO002 ,
CO  ,Xb,Xb,Xb;0,COXb;0,0,,"Biotitic gneiss, schist, and migmatite",Proterozoic | Paleoproterozoic,"Locally contains minor hornblende gneiss, calc-silicate rock, quartzite, and marble. Derived principally from sedimentary rocks",,,CO002,biotite gneiss,schist,migmatite; quartzite; marble,CO002 ,
CO  ,Xfh,Xfh,Xfh;0,COXfh;0,0,,"Felsic and hornblendic gneisses, either separate or interlayered",Proterozoic | Paleoproterozoic,"Includes metabasalt, metatuff, and interbedded metagraywacke; locally contains interlayered biotite gneiss. Derived principally from volcanic rocks",,,CO002,felsic gneiss,mafic gneiss,meta-basalt; meta-graywacke,CO002 ,
CO  ,Xg,Xg,Xg;0,COXg;0,0,,Granitic rocks of 1700-m.y. age group,Proterozoic | Paleoproterozoic,"Includes Boulder Creek -M.Y. AGE GROUP (AGE 1650-1730 M.Y.)--Includes Boulder Creek, Cross Creek, Denny Creek, Kroenke, Browns Pass, Powderhorn, Pitts Meadow, Bakers Bridge, and Tenmile Granites, Quartz Monzonites, or Granodiorites;",,,CO002,granite,granodiorite,quartz monzonite,CO002 ,
CO  ,Xq,Xq,Xq;0,COXq;0,0,,"Quartzite, conglomerate, and interlayered mica schist",Proterozoic | Paleoproterozoic,"Quartzite, conglomerate, and interlayered mica schist",,,CO002,quartzite,conglomerate,mica schist,CO002 ,
CO  ,Yam,Yam,Yam;0,COYam;0,0,,"Alkalic and mafic rocks in small plutons, and diabase and gabbro dikes",Proterozoic | Mesoproterozoic,"Alkalic and mafic rocks in small plutons, and diabase and gabbro dikes",,,CO002,granitoid,diabase,gabbro,CO002 ,
CO  ,Yg,Yg,Yg;0,COYg;0,0,,Granitic rocks of 1400-m.y. age group,Proterozoic | Mesoproterozoic,"Includes Silver Plume, Sherman, Cripple Creek, St. Kevin, Vernal Mesa, Curecanti, Eolus, and Trimble Granites or Quartz Monzonites; also, San Isabel Granite of Boyer (1962) and unnamed granitic rocks",,,CO002,granite,granodiorite,quartz monzonite,CO002 ,
CO  ,Yp,Yp,Yp;0,COYp;0,0,,Rocks of Pikes Peak Batholith (1000-m.y. age group),Proterozoic | Mesoproterozoic,"Includes Pikes Peak, Mount Rosa, Windy Point, and Redskin Granites and unnamed rocks",,,CO002,granite,granodiorite,quartz monzonite,CO002 ,
CO  ,Yu,Yu,Yu;0,COYu;0,0,,Uinta Mountain Group,Proterozoic | Mesoproterozoic,"Quartzite, conglomerate, and shale",,,CO002,quartzite,conglomerate,shale,CO002 ,
CO  ,YXg,YXg,YXg;0,COYXg;0,0,,"Granitic rocks of 1400- and 1700-m.y. age groups, undivided, or, in Taylor River region, rocks with characteristics of Xg but U-Th-Pb zircon ages of Yg",Proterozoic | Paleoproterozoic Mesoproterozoic,"Granitic rocks of 1400- and 1700-m.y. age groups, undivided, or, in Taylor River region, rocks with characteristics of Xg but U-Th-Pb zircon ages of Yg",,,CO002,granitoid,,,CO002 ,
CO  ,YXu,YXu,YXu;0,COYXu;0,0,,Uncompahgre Fm,Proterozoic | Paleoproterozoic Mesoproterozoic,"Quartzite, slate, and phyllite",,,CO002,quartzite,slate,phyllite,CO002 ,
CO  ,Tglw,Tglw,Tglw;0,COTglw;0,0,,lower part of Green River Fm and Wasatch Fm,Phanerozoic | Cenozoic | Tertiary,Shale and sandstone,,,CO002,shale,sandstone,,CO002 ,
CO  ,Kmvl,Kmvl,Kmvl;0,COKmvl;0,0,,Mesaverde Group or Fm--Lower part,Phanerozoic | Mesozoic | Cretaceous,"Sandstone, shale, and major coal beds",,,CO002,sandstone,shale,coal,CO002 ,
CO  ,Kmvu,Kmvu,Kmvu;0,COKmvu;0,0,,Mesaverde Group or Fm--Upper part,Phanerozoic | Mesozoic | Cretaceous,"In Moffat and Rio Blanco Counties, sandstone, shale, and coal beds above Sego Sandstone. Along Grand Hogback south of Colorado River, sandstone and shale above coal-bearing sequence",,,CO002,sandstone,shale,coal,CO002 ,
CO  ,&mbe,PAmbe,PAmbe;0,COPAmbe;0,0,,Evaporitic facies of Minturn And Belden Fms in South Park and southward,Phanerozoic | Paleozoic | Carboniferous Pennsylvanian,"Gypsum, siltstone, and shale",,,CO002,siltstone,shale,evaporite,CO002 ,
CO  ,H2O,water,water;0,COwater;0,0,,water,None,water,,,CO002,water,,,CO001 ,
CO  ,Xm,Xm,Xm;0,COXm;0,0,,Mafic rocks of 1700-m.y. age group,Proterozoic | Paleoproterozoic,Gabbro and mafic diorite and monzonite,,,CO002,gabbro,diorite,monzonite,CO002 ,
