OBJECTID,MapUnit,Name,FullName,Age,Description,HierarchyKey,ParagraphStyle,Label,Symbol,AreaFillRGB,AreaFillPatternDescription,DescriptionSourceID,GeoMaterial,GeoMaterialConfidence,DescriptionOfMapUnits_ID
"1",water,water,water,unknown,water,"00",DMU1,,water,"151,219,242",,DAS02,Water or ice,High,DMU01
"2",,Unconsolidated Deposits and Stratified Rocks,,,,"01",Heading2,,,,,DAS02,,,DMU02
"3",Qa,Alluvial and colluvial deposits,Alluvial and colluvial deposits,Holocene and Pleistocene,"Unconsolidated stream-laid sand, gravel, and silt, bouldery, poorly to moderately well sorted. Includes alluvial fan, slope wash, colluvial and glacial outwash deposits of Bull Lake and younger in age. Thickness of deposits as much as 10 m",01-01,DMU1,Qa,Qa,"255,255,204",,DAS02,Alluvial sediment,High,DMU03
"4",Qs,Landslide deposits,Landslide deposits,Holocene and Pleistocene,"Mostly rock debris, locally coarse angular rock fragments in silt or clay matrix. Forms hummocky topography. Produced by rockfall- and rockslide-avalanches, slump, and earthflow. Thickness possibly as much as 300 m",01-02,DMU1,Qs,Qs,"235,235,077",red triangles,DAS02,"Debris flows, landslides, and other localized mass-movement sediment",High,DMU04
"5",Qg,Glacial deposits,Glacial deposits,Holocene and Pleistocene,"Drift, heterogeneous mixture of rock fragments in silty clay matrix. Forms hummocky topography. Includes deposits from alpine and continental glaciations; as much as 100 m thick except in Swan River valley where thickness of mostly sand and gravel deposits exceed 300 m",01-03,DMU1,Qg,Qg,"255,255,179",,DAS02,Glacial till,High,DMU05
"6",Ql,Lake deposits,Lake deposits,Pleistocene,"Light-gray to dark-gray and gray-brown, thin- to thick-bedded silty clay, clay, and some sand; deposited in glacial lakes. Thickness of deposits as much as 30 m",01-04,DMU1,Ql,Ql,"255,255,102",,DAS02,Lacustrine sediment,High,DMU06
"7",QTog,Older gravel,Older gravel,Pleistocene and Possibly Pliocene,Coarse stream-laid gravel on remnants of at least four bench surfaces as much as 250 m above modern stream alluvium. Maximum thickness Is about 10 m,01-05,DMU1,QTog,QTog,"235,179,077",red circles,DAS02,"Alluvial sediment, mostly coarse-grained",High,DMU07
"8",Tla,Lake deposits,Lake deposits,Miocene and Oligocene,"Gray, yellowish-gray, gray-brown, sandy silt, silt, clay, shale, marl, and some poorly sorted conglomerate; locally thin coal and carbonates. Locally includes wood and leaf fragments, insects, fish, gastropods, pelecypods, and ostracods. In Landers Fork, Blackfoot River includes tuff. Thickness possibly as much as 125 m",01-06,DMU1,Tla,Tla,"235,153,000",,DAS02,"Lacustrine sediment, mostly fine-grained",High,DMU08
"9",Ksmr,St. Mary River Formation,St. Mary River Formation,Upper Cretaceous,"Map unit includes the Paleocene and Upper Cretaceous Willow Creek Formation (Viele, 1960 - DAS14; Schmidt, 1972b - DAS16) in southeast corner of map where only the lower part of the Willow Creek is present and where it consists of grayish-green, olive-drab, and light-gray mudstone and sandstone. Some coarse to very coarse grained beds of volcanic sandstone. The upper part of the St. Mary River consists of light- to dark-red, purplish-red, brown, gray, greenish-gray mudstone and sandstone, and some beds of volcanic sandstone and conglomerate. A thin bed of white ash-fall tuff occurs near middle part. The formation is as much as 790 m thick. The upper part of the St. Mary River Formation, west of Augusta, is mostly grayish green, sandy mudstone with moderate-light-red and purple interbeds. It contains numerous zones of dark-brown limestone nodules. Near Augusta, strata equivalent to the lower part of the St. Mary River are present and consist of grayish-green, olive-drab, and light-gray mudstone, sandy mudstone, and sandstone with some gray argillaceous limestone and carbonaceous shale. Sandstones are fine to medium grained and crossbedded. They are as much as 12 m thick. Thin argillaceous limestone beds as much as 0.3 m thick are locally present. A carbonaceous shale bed as much as 1. 0 m thick is beneath a 1.0 m oyster bed near the base of the formation. Some reptile bone fragments and pelecypods are near the base. In the Augusta area the formation thickness is as much as 430 m",01-07,DMU1,Ksmr,Ksmr,"222,235,102",,DAS02 | DAS14 | DAS16,Sandstone and mudstone,Medium,DMU09
"10",Kh,Horsethief Sandstone and Bearpaw-Horsethief transition unit,Horsethief Sandstone and Bearpaw-Horsethief transition unit,Upper Cretaceous,"Horsethief Sandstone is mostly gray to gray-brown, fine- to medium-grained crossbedded sandstone. The upper 6-12 m of the formation commonly contain lentils of titaniferous magnetite sandstone. Southeast of Augusta the Horsethief contains volcanic-rich sandstone and conglomerates (Viele and Harris, 1965 - DAS33). The Horsethief is absent in the southeast part of the quadrangle where its position is marked by an Ostrea glabra bed (Viele, 1960 - DAS14); locally the sandstone contains pelecypods. The Horsethief is as much as 50 m thick. The Bearpaw-Horsethief transition unit of Cobban (1955 - DAS19) beneath the Horsethief, consists of dark-gray mudstone interbedded with light- to medium-gray mudstone and fine- to medium-grained sandstone that is thin bedded in the lower part becoming thicker bedded in the upper part. Near Sun River a 0.3 m coal bed occurs about 6 m below the top. Thickness of the transition unit as much as 60 m",01-08,DMU1,Kh,Kh,"153,179,077",,DAS02 | DAS14 | DAS19 | DAS33,Sandstone and mudstone,High,DMU10
"11",Ku,Upper and Lower Cretaceous rocks undivided,Upper and Lower Cretaceous rocks undivided,Cretaceous,"Upper and lower cretaceous rocks undivided, includes Two Medicine Formation, Virgelle Sandstone, Telegraph Creek Formation, Marias River Shale, and Blackleaf, Kootenai, and Mount Pablo Formations",01-09,DMU1,Ku,Ku,"235,235,128",,DAS02,Sedimentary rock,High,DMU11
"12",Ktm,Two Medicine Formation,Two Medicine Formation,Upper Cretaceous,"Gray-green and gray mudstone with minor sandstone in upper and middle parts with gray-green, olive-drab, and gray sandstone and mudstone in lower part. Upper and middle parts locally contain reddish-gray, red-brown, and purple interbeds of mudstone. The sandstones are fine to coarse grained and locally conglomeratic. Carbonaceous shale and locally a coal bed are present in the lower part. Petrified wood common about 30 m above base; vertebrate bones common in the upper 150 m. Pelecypods locally present at various horizons. Thickness about 670 m",01-10,DMU1,Ktm,Ktm,"204,204,102",,DAS02,Mostly mudstone,High,DMU12
"13",Ktv,"Volcanic-rich sedimentary rocks, flows, and tuffs","Volcanic-rich sedimentary rocks, flows, and tuffs of the Two Medicine Formation",Upper Cretaceous,"South of Augusta. The upper and middle parts are green, grayish-green, gray, brownish-gray, and maroon volcanic sandstone, mudstone, and conglomerate; brown, pink, and white ash-fall and ash-flow tuffs; and interbedded trachyte and latite flows (Viele, 1960 - DAS14; Viele and Harris, 1965 - DAS33; Schmidt and Strong, 1972 - DAS18; and Schmidt, 1972a, b, c - DAS15, DAS16, DAS17). Lower 150 m is gray-green, olive-drab, and gray sandstone and mudstone. Thickness ranges from 640 m to possibly as much as 1,500 m",01-10-01,DMU2,Ktv,Ktv,"204,204,077",red < symbols,DAS02 | DAS14 | DAS15 | DAS16 | DAS17 | DAS18 | DAS33,Sedimentary and extrusive igneous material,High,DMU13
"14",Kvt,Virgelle Sandstone and Telegraph Creek Formation,Virgelle Sandstone and Telegraph Creek Formation,Upper Cretaceous,Virgelle Sandstone and Telegraph Creek Formation,01-11,DMU1,Kvt,Kvt,"204,235,102",,DAS02,Sandstone and mudstone,High,DMU14
"15",,Virgelle Sandstone,Virgelle Sandstone,Upper Cretaceous,"Consists of moderately thick, light-gray, fine-grained sandstone beds of which some are locally iron impregnated and crossbedded. At the top of the Virgelle, a titanifferous magnetite sandstone bed, as much as 6 m thick, forms a prominent rimrock south, west, and northwest of Choteau, as well as numerous other localities in the outcrop area. The Virgelle rarely contains pelecypods; wood fragments are locally in upper part. Thickness ranges from about 40 m to 60 m",01-11-01,DMU2,,,,,DAS02,Sandstone,High,DMU15
"16",,The Telegraph Creek Formation,The Telegraph Creek Formation,Upper Cretaceous,A transitional unit between the underlying Marias River Shale and the overlying Virgelle Sandstone. Consists mainly of beds of gray mudstone and fine-grained sandstone. The sandstone beds are thinly bedded in the lower part becoming thicker bedded in the upper part. Pelecypods and ammonites are common. Thickness ranges from about 90 m in the eastern outcrop to about 165 m in the western outcrop,01-11-02,DMU2,,,,,DAS02,Sandstone and mudstone,High,DMU16
"17",Km,Marias River Shale,Marias River Shale,Upper Cretaceous,"Mostly a dark-gray mudstone that is divided into four members (listed in descending order), the Kevin, Ferdig, Cone, and Floweree, by Cobban, Erdmann, Lemke, and Maughan (1959 - DAS20, DAS21, 1976 - DAS22). Total thickness ranges from 365 m to 395 m",01-12,DMU1,Km,Km,"128,179,077",,DAS02 | DAS20 | DAS21 | DAS22,Mostly mudstone,High,DMU17
"18",,Kevin Member,Kevin Member of the Marias River Shale,Upper Cretaceous,"Dark-gray mudstone with some very thin sandstone beds, numerous bentonite beds, and many light-gray calcareous concretions. Pelecypods and ammonites common. Ranges in thickness from 245 m to 305 m",01-12-01,DMU2,,,,,DAS02,Mostly mudstone,High,DMU18
"19",,Ferdig Member,Ferdig Member of the Marias River Shale,Upper Cretaceous,"Gray, noncalcareous siltstone and shale with many thin, iron-stained sandstone lenses, concretions of yellow-weathering limestone, red-weathering ferruginous dolostone, and some very thin bentonite beds. Contains abundant organic trails and burrows, but pelecypods and ammonites are rare. In the western outcrop, along the tributaries of the Sun River, the Ferdig is mostly sandstone (Mudge, 1972 - DAS09). Ranges in thickness from 50 m to 105 m",01-12-02,DMU2,,,,,DAS02 | DAS09,Mostly mudstone,High,DMU19
"20",,Cone Member,Cone Member of the Marias River Shale,Upper Cretaceous,"Abundant, very thin, medium-gray calcareous siltstone and crystalline limestone beds in the upper part and dark-gray, noncalcareous shale in the lower part. Contains several bentonite beds throughout. Pelecypods and ammonites are common, especially in the upper part. The member ranges in thickness from 18 m to 30 m",01-12-03,DMU2,,,,,DAS02,Sedimentary rock,High,DMU20
"21",,Floweree Member,Floweree Member of the Marias River Shale,Upper Cretaceous,"Dark-gray, noncalcareous fissile to thin-bedded shale with medium-gray siltstone in lower part that locally contains lenses of chert-pebble conglomerate. Pelecypods and ammonites are rare. Thickness about 10 m",01-12-04,DMU2,,,,,DAS02,Mudstone,High,DMU21
"22",KJ,Lower Cretaceous and Jurassic rocks undivided,Lower Cretaceous and Jurassic rocks undivided,Lower Cretaceous and Jurassic,Lower Cretaceous and Jurassic rocks undivided,01-13,DMU1,KJ,KJ,"204,235,222",,DAS02,Sedimentary rock,High,DMU22
"23",,Blackleaf Formation,Blackleaf Formation,Lower Cretaceous,"Mostly sandstone and mudstone, and includes some fissile shale. Formation divided into three members (listed in descending order), Vaughn, Taft Hill, and Flood. The total thickness about 200 m in the eastern outcrop and 490 m in the western outcrop",01-13-01,DMU2,,,,,DAS02,Sandstone and mudstone,High,DMU23
"24",,Vaughn Member,Vaughn Member of the Blackleaf Formation,Lower Cretaceous,"Nonmarine, light-gray, gray-green, and green tuffaceous and bentonitic mudstone and sandstone. Dark-gray carbonaceous mudstone locally in the upper part in the southeastern outcrop. The sandstone units are fine to coarse grained, locally crossbedded, and in places contain pebble and cobble conglomerate channel-fill deposits as much as 6 m thick (Mudge and Sheppard, 1968 - DAS28). The member contains wood and leaf fragments, and in the vicinity of Teton Pass contains coal and carbonaceous shale. Thickness from about 90 m in the eastern outcrop to about 150 m in the western outcrop",01-13-01-01,DMU2,,,,,DAS02 | DAS28,Sandstone and mudstone,High,DMU24
"25",,Taft Hill Member,Taft Hill Member of the Blackleaf Formation,Lower Cretaceous,"Marine, gray, thinly bedded, fine-grained sandstone units interbedded with dark-gray mudstone; the sandstone is locally crossbedded and ripple marked. In the northwest part of the quadrangle the upper part of the member is replaced by nonmarine strata of Vaughn lithologies. Locally the Taft Hill contains numerous pelecypods. Thickness ranges from about 58 m in the southeast to about 183 m in the west",01-13-01-02,DMU2,,,,,DAS02,Mostly sandstone,High,DMU25
"26",,Flood Member,Flood Member of the Blackleaf Formation,Lower Cretaceous,"Two marine, gray, sandstone units separated by as much as 150 m of dark-gray fissile shale. The sandstones are very fine grained, thin to moderately thick bedded, and locally crossbedded and ripple marked. Organic burrows and trails common. Thickness from about 45 m in the eastern outcrop to about 165 m thick in the western outcrop",01-13-01-03,DMU2,,,,,DAS02,Sandstone and mudstone,High,DMU26
"27",,Kootenai Formation,Kootenai Formation,Lower Cretaceous,"Consists of nonmarine, gray-green, and dark-reddish-brown mudstone interbedded with lenticular thin to thick sandstone units. Numerous heavily iron-stained, spheroidal nodules of dark-grayish-red sandy limestone are in the mudstone. The sandstone is fine to coarse grained, grayish green, with chert and quartz grains and locally magnetite. Pebble and cobble conglomerate, as much as 15 m thick, fill narrow channels locally at the base of some sandstone units. In most places a distinctive hard, dense, brown coquinoid limestone containing abundant pelecypods and some vertebrate fragments at or near the top. Thickness ranges from 198 m to 245 m",01-13-02,DMU2,,,,,DAS02,Sandstone and mudstone,High,DMU27
"28",,Mount Pablo Formation,Mount Pablo Formation,Lower Cretaceous,"Nonmarine. Exposures widespread in the eastern mountains but locally absent in the adjacent foothills. Rests unconformably on the Morrison Formation. In the western drainages of the Sun River area was included as part of the western facies of the Morrison Formation by Mudge (1972 - DAS09). Ranges from a dominantly sandstone sequence with interbedded bright-reddish-brown mudstone to a dominantly reddish brown mudstone sequence with some sandstone. Dense, dark-gray to light-gray limestone beds as much as 9 m thick are present in the upper part of the formation. In many places, coarse sandstone and thin beds of conglomerate occur as channel-fill deposits. The sandstones are medium to very coarse grained, crossbedded, and contain wood fragments. Thickness about 60 m",01-13-03,DMU2,,,,,DAS02 | DAS09,Sandstone and mudstone,High,DMU28
"29",,Morrison Formation,Morrison Formation,Upper Jurassic,"Nonmarine. A nearly complete section is present in the eastern and southern outcrop, but much of the formation was eroded prior to deposition of the Mount Pablo Formation in the western outcrop. Consists of tuffaceous, grayish-green, olive-green, and olive-gray claystone to siltstone with pink, maroon, purple, and yellowish-gray mudstones in the upper part. A thin, dark-gray carbonaceous shale present near the top in southeastern outcrop. Fine-grained clayey sandstone locally present. Abundant polished quartzite pebbles and limestone nodules characteristic of the Morrison locally. Cherty siderite lenses and nodules locally common about 35 m above the base of the formation. A thin, dark-gray-brown to gray limestone present in the lower part of the formation and locally in the middle part. Gastropods, pelecypods, plant fragments, ostracods, and vertebrate bones are sparse in the middle and lower parts of the formation. Thickness from 60 m to 82 m",01-13-04,DMU2,,,,,DAS02,Mudstone,High,DMU29
"30",,Swift Formation,Swift Formation,Upper and Middle Jurassic,"Marine. Consists of thinly bedded gray to gray-brown fine-grained sandstone in the upper part and dark-gray to olive-drab mudstone with many thin beds of sandstone in the lower part. The upper beds are locally ripple marked and contain minute cross laminations and wood fragments. A thin glauconitic sandstone, with waterworn belemnites, present at the base of the formation. Formation rests unconformably on the Rierdon Formation everywhere except in the southeast comer of the map where it rests on the Sawtooth Formation. Thickness about 35 m",01-13-05,DMU2,,,,,DAS02,Sandstone and mudstone,High,DMU30
"31",,Rierdon Formation,Rierdon Formation,Middle Jurassic,"Marine. Widely distributed except in the southeast comer of the map area. Consists mostly of gray, calcareous mudstone with thin interbedded argillaceous limestone. Barite nodules common in the upper and middle parts. Pelecypods and ammonites common throughout. Thickness from 33 m to 60 m",01-13-06,DMU2,,,,,DAS02,Mostly mudstone,High,DMU31
"32",,Sawtooth Formation,Sawtooth Formation,Middle Jurassic,"Marine. The upper member is gray-brown to yellowish-brown, calcareous, thin-bedded siltstone that contains pelecypods and ammonites. About 8 m thick. The middle member is dark-gray, silty to clayey fissile shale with local thin beds of fine-grained sandstone and conglomerate. Locally rests unconformably on Mississippian rocks. From 5 m to 77 m thick. The lower member is mostly thin bedded, fine-grained gray to yellowish-brown sandstone with a basal conglomerate of Mississippian rock fragments. Dark-gray, silty, thinly laminated shale locally interbedded in the sandstone. Pelecypods are locally abundant. Thickness of the lower member as much as 16 m",01-13-07,DMU2,,,,,DAS02,Mostly mudstone,High,DMU32
"33",Pz,"Paleozoic rocks. Includes part or all of Mississippian, Devonian, and Cambrian sequences","Paleozoic rocks. Includes part or all of Mississippian, Devonian, and Cambrian sequences",Paleozoic,"Paleozoic rocks. Includes part or all of Mississippian, Devonian, and Cambrian sequences",01-14,DMU1,|,Pz,"128,153,235",,DAS02,Mostly carbonate rock,High,DMU33
"34",Mu,Upper and Lower Mississippian rocks undivided,Upper and Lower Mississippian rocks undivided,Mississippian,"Mississippian rocks are the main cliff former in the eastern part of the mountains and are assigned to the Madison Group. The total thickness of the Mississippian rocks ranges from 275 m to 520 m. The Madison is divided into two formations, the Castle Reef Dolomite and the Allan Mountain Limestone, by Mudge, Sando, and Dutro (1962 - DAS29)",01-15,DMU1,Mu,Mu,"153,179,235",,DAS02 | DAS29,Mostly carbonate rock,High,DMU34
"35",,Castle Reef Dolomite,Castle Reef Dolomite,Upper and Lower Mississippian,"Divided into two members. Sun River Member at the top, which consists of thin to thick beds of medium to finely crystalline light-gray dolomite and locally some interbedded calcitic dolomite. Many beds contain thick lenses of encrinite and scattered brachiopods and corals. The Sun River is from less than 1 m to 137 m thick. The lower member is thick-bedded, fine to coarsely crystalline, light- to medium-gray dolomite, calcitic dolomite, dolomitic limestone, and limestone. The coarsely crystalline beds are encrinite and are more numerous in the northern and western outcrop. The lower member contains brachiopods and corals, locally abundant in the lower part. The lower member is 114 m to 145 m thick. Both members thin eastward, mainly as a result of pre-Jurassic erosion",01-15-01,DMU2,,,,,DAS02,Dolomite,High,DMU35
"36",,Allan Mountain Limestone,Allan Mountain Limestone,Lower Mississippian,"Ranges in thickness from 163 m to 200 m, and contains three unnamed members. The upper member consists of gray, fine-grained, thin to thick beds of limestone, magnesian limestone, and dolomitic limestone. Nodules and lentils of gray-to gray-brown chert are common (Mudge, 1972 - DAS09). It has a large and varied fauna, mostly brachiopods and corals, and locally, lenses and beds of encrinite. Upper member 60 to 90 m thick. The middle member consists of dark-gray, fine-grained, thin to medium beds of limestone with some dolomitic limestone. Characteristically contains nodules and irregular-shaped to even-bedded lenses of dark-gray chert, of which some have a fibrous appearance (Mudge, 1972 - DAS09). Contains sparse brachiopods and corals (Mudge, Sando, and Dutro, 1962 - DAS29). The middle member about 45 m thick. The lower member mostly dark-gray, very thin bedded, argillaceous dolomitic limestone with many calcareous shale partings. Contains dense, gray, moderately thick limestone interbedded with dark-gray mudstone. The mudstone has abundant brachiopods and corals. Thickness of lower member 60 m to 89 m",01-15-02,DMU2,,,,,DAS02 | DAS09 | DAS29,Limestone,High,DMU36
"37",Du,Upper and Middle Devonian rocks undivided,Upper and Middle Devonian rocks undivided,Upper and Middle Devonian,"Consists of limestone, dolomite, and some shale and mudstone; they range in thickness from about 300 m in the eastern outcrop to about 458 m in the western outcrop, and are divided into the Three Forks, Jefferson, and Maywood Formations",01-16,DMU1,Du,Du,"129,129,179",,DAS02,Mostly carbonate rock,High,DMU37
"38",,Three Forks Formation,Three Forks Formation,Upper Devonian,"The uppermost unit is a black shale bed of Early Mississippian age unnamed in this quadrangle but called the Sappington Member of the Three Forks elsewhere in Montana and is correlative to the Exshaw Shale in Alberta (Mudge, 1972 - DAS09). In most places it overlies thinly bedded, gray-brown to yellowish-gray limestone. The limestone commonly overlies an evaporite-solution breccia, but locally, in the Sun River area, overlies a thick bed of limestone and in one place a gray-green mudstone (Mudge, 1972 - DAS09). Fossils abound in the dark-gray shale and limestone beds. The rest of the Three Forks consists mostly of a pale-yellowish-brown to yellowish-gray evaporite-solution breccia consisting of angular fragments of dolomite and dolomitic limestone. Thickness from 15 m to 180 m",01-16-01,DMU2,,,,,DAS02 | DAS09,Sedimentary rock,High,DMU38
"39",,Jefferson Formation,Jefferson Formation,Upper Devonian,"Consists of two members: the Birdbear and a lower member. The Jefferson thickens eastward from about 190 min the western outcrop to 247 min the east. The Birdbear Member consists mostly of pale-yellowish-brown to brownish-gray, finely crystalline dolomite beds that pinch and swell. Brachiopods are commonly present. Ranges in thickness from 45 m to about 72 m. The lower member is mostly dolomite in the eastern outcrop, whereas it is mostly limestone in the western outcrop (Mudge, 1972 - DAS09). Consists of distinctive gray-brown beds (mostly less than 1/2 m thick) that characteristically have a fetid odor on the broken surface. Many beds have a sucrosic texture. The lower part commonly contains one or more thin beds of evaporite-solution breccia. Dark-gray chert lenses common in the lower part in the eastern outcrop. Corals, brachiopods, and stromatoporoids common throughout and Amphipora biostromes are widespread in the upper part. Thickness from 128 m to 198 m",01-16-02,DMU2,,,,,DAS02 | DAS09,Dolomite,Medium,DMU39
"40",,Maywood Formation,Maywood Formation,Upper and Middle Devonian,"Contains an upper limestone member and a lower mudstone member. The upper member is mainly dark grayish brown and yellowish-gray, thinly bedded, finely crystalline limestone and dolomitic limestone that thickens eastward from about 21 m in the west to 48 m in the east. Contains brachiopods and corals. The lower member is mostly greenish gray dolomitic mudstone that in the western outcrops is interbedded with maroon mudstone. Contains thin beds of crystalline yellowish-gray to olive-gray dolomite and dolomitic limestone. A widespread dolomite with some breccia present in the middle part of the member. Charophytes and conodonts are locally present in one of the dolomite beds. The lower member ranges in thickness from about 8 m in the eastern outcrop to 63 m in the western outcrop",01-16-03,DMU2,,,,,DAS02,Sedimentary rock,High,DMU40
"41",Cu,Cambrian rocks undivided,Cambrian rocks undivided,Cambrian,"Complete sections of these rocks are only in the western outcrop. Deiss (1939 - DAS23) divided these rocks into nine formations: Devils Glen Dolomite (top), Switchback Shale, Steamboat Limestone, Pentagon Shale, Pagoda Limestone, Dearborn Limestone, Damnation Limestone, Gordon Shale, and Flathead Sandstone (bottom). The Pentagon Shale occurs only in the vicinity of Pentagon Mountain where Deiss (1939 - DAS23) noted it to extend about 25 km to the south and about 7 km north of the mountain. The Devils Glen, Switchback, and Steamboat are in thrust blocks in the eastern outcrops. The limestone formations contain considerable mudstone in the east, but they are mostly limestone in the west. All formations locally contain trilobites and some brachiopods. The Cambrian rocks thin northwestward from 681 m near the Dearborn River to 439 m at Pagoda Mountain (Deiss, 1939 - DAS23)",01-17,DMU1,_u,Cu,"235,153,102",,DAS02 | DAS23,Mostly carbonate rock,High,DMU41
"42",,Devils Glen Dolomite,Devils Glen Dolomite,Upper Cambrian,"A distinctive, thick-bedded, light-gray, finely to very finely crystalline dolomite. Thickness from 54 m to 172 m (Deiss, 1939 - DAS23)",01-17-01,DMU2,,,,,DAS02 | DAS23,Dolomite,High,DMU42
"43",,Switchback Shale,Switchback Shale,Upper and Middle Cambrian,"Mostly noncalcareous, greenish-gray, thinly laminated clay shale with local thin interbeds of dolomite, limestone, sandstone, and conglomerate. Thickness from 21 m to 92 m",01-17-02,DMU2,,,,,DAS02,Mostly mudstone,High,DMU43
"44",,Steamboat Limestone,Steamboat Limestone,Middle Cambrian,"Differs in lithology between western and eastern outcrops. In the west consists of a lower shaly mudstone interval and a much thicker upper limestone interval (Deiss, 1939 - DAS23). In the eastern exposures is about equal parts of alternating sequences of limestone and calcareous shale. The carbonate units in both areas consist mostly of nodular, hard, dark-yellowish-brown, thinly bedded limestone and dolomite with nodules and lentils of dark-yellowish-orange siltstone. The mudstone units are mainly grayish-green noncalcareous shale with interbeds of calcareous siltstone and claystone. Trilobites, locally abundant, and some brachiopods occur in limestone lenses in the shales and locally near the top of the limestone units. Thickness from 65 m to 80 m",01-17-03,DMU2,,,,,DAS02 | DAS23,Sedimentary rock,High,DMU44
"45",,Pentagon Shale,Pentagon Shale,Middle Cambrian,"A clastic wedge that consists of very fossiliferous, calcareous, gray to tan-gray, thick-bedded platy shale that contains some platy, blue-gray argillaceous limestone in the upper part (Deiss, 1939 - DAS23). Thickness ranges from less than 1 m to 88 m (Deiss, 1939 - DAS23)",01-17-04,DMU2,,,,,DAS02 | DAS23,Mostly mudstone,High,DMU45
"46",,Pagoda Limestone,Pagoda Limestone,Middle Cambrian,"Forms prominent light-gray cliffs in the Cambrian sequence. The upper part consists of yellowish-gray to light-yellowish-brown, thin- to thick-bedded dolomitic limestone and some dolomite overlying very thin bedded limestone. The lower part consists of grayish-green, thinly laminated to nodular clay shale with some gray-brown limestone and minor sandstone. An intraformational conglomerate locally present in the middle and lower parts. Trilobites and brachiopods locally numerous in the shale (Deiss, 1939 - DAS23). Formation thickens to the south and west, and ranges in thickness from 28 m to about 120 m",01-17-05,DMU2,,,,,DAS02 | DAS23,Mostly carbonate rock,High,DMU46
"47",,Dearborn Limestone,Dearborn Limestone,Middle Cambrian,"Composed of an upper thick limestone unit and a lower thin shale unit. The limestone unit is finely crystalline, yellowish brown to gray, thin to thick bedded and irregularly bedded. The lower unit consists of gray to gray-green clayey shale with some sandy shale and thin interbedded limestone. Trilobites present in the lower part of the shale unit. Thickness from 67 m to 106 m",01-17-06,DMU2,,,,,DAS02,Mostly carbonate rock,High,DMU47
"48",,Damnation Limestone,Damnation Limestone,Middle Cambrian,"Consists of medium- to dark-gray, thin- to thick-bedded, finely crystalline dolomitic limestone and limestone with laminae of grayish-orange to yellowish-gray siltstone that thicken and thin. Locally they are oolitic and contain trilobites, brachiopods, and organic trails and burrows. Thickness from 30 m to 68 m",01-17-07,DMU2,,,,,DAS02,Limestone,Medium,DMU48
"49",,Gordon Shale,Gordon Shale,Middle Cambrian,"Mainly a dark-gray to gray-brown, very thinly laminated shale with a greenish tint and locally maroonish-gray beds. Contains many thin beds of sandstone and some beds of limestone, especially in the middle and upper parts. In places the limestones contain glauconite, algal structures, limestone chips, grains of quartz, and fossil fragments. The upper part contains numerous fossils (Deiss, 1939 - DAS23), whereas the lower beds locally contain organic trails and burrows, some by trilobites. Thickness from 42 m to 90 m",01-17-08,DMU2,,,,,DAS02 | DAS23,Mostly mudstone,High,DMU49
"50",,Flathead Sandstone,Flathead Sandstone,Middle Cambrian,"Consists of thin- to thick-bedded and crossbedded, noncalcareous yellowish-gray, poorly sorted, poorly indurated, fine- to coarse-grained quartzose sandstone with scattered quartz pebbles. Beds are characteristically speckled by disseminated hematite. Interbeds of gray, purple, or maroon mudstone locally present. Thickness from 13 m to 35 m",01-17-09,DMU2,,,,,DAS02,Sandstone,High,DMU50
"51",,Proterozoic Y stratified rocks,,,"The Proterozoic stratified rocks in the quadrangle are assigned to the Belt Supergroup and consist of quartzite, siltite, argillite, limestone, and dolomite that are metamorphosed to the chlorite subfacies. The Belt Supergroup is divided into upper, middle, and lower parts. The upper part is the Missoula Group which consists mostly of fine-grained elastic rocks and minor limestone and dolomite above the Helena Formation. The middle part is the Helena Formation which consists mostly of limestone and dolomite. The lower part, the Ravalli Group, contains mostly siltite and argillite with minor quartzite, limestone, and dolomite. Thickness of the Belt Supergroup in the quadrangle ranges from 2,000 min the eastern part to more than 10,000 m in the western part","02",Heading2,,,,,DAS02,,,DMU51
"52",Ygr,Garnet Range Formation,Garnet Range Formation,Proterozoic Y,"Consists of pale-olive to medium-gray and moderate brown, poorly sorted, very fine to fine-grained, micaceous, thin even beds of sandstone and siltstone. Locally they are speckled by hematite, crossbedded and ripple marked. The formation varies in thickness due to pre-Middle Cambrian erosion and ranges from less than 1 m to 490 m, attaining its greatest thickness in the southern outcrops",02-01,DMU1,Ygr,Ygr,"102,077,000",,DAS02,Sandstone and mudstone,High,DMU52
"53",Ybe,"McNamara Formation, Bonner Quartzite, and Mount Shields, Shepard, Snowslip, Helena, Empire, and Spokane Formations","McNamara Formation, Bonner Quartzite, and Mount Shields, Shepard, Snowslip, Helena, Empire, and Spokane Formations",Proterozoic Y,"McNamara Formation, Bonner Quartzite, and Mount Shields, Shepard, Snowslip, Helena, Empire, and Spokane Formations",02-02,DMU1,Ybe,Ybe,"179,153,128",,DAS02,Metasedimentary rock,High,DMU53
"54",Ym,McNamara Formation,McNamara Formation,Proterozoic Y,"In the central and southern parts of the area the McNamara is divisible into two unnamed members, an upper dominantly reddish brown quartzite and a lower dominantly grayish green siltite (Somers, 1966 - DAS32; Mudge and Earhart, 1978 - DAS27). Quartzite in the upper member is interbedded with siltite and minor argillite. Most of the unit is thin bedded, fine grained, micaceous, minutely crossbedded, and locally ripple marked. The lower member contains thin beds of argillite and fine- to medium-grained quartzite and locally some reddish-gray siltite. Ripple marks, minute crossbedding, and load casts are common. The upper part of the lower member contains thin beds of glauconitic sandstone, some barite nodules, and vuggy reddish chalcedony, particularly in the eastern outcrop area (Mudge, 1972 - DAS09; Mudge and Earhart, 1978 - DAS27). In the northern part of the area, the formation thickens and is dominantly grayish green siltite. The formation varies in thickness, due in part to pre-Middle Cambrian erosion, and ranges from 47 m to 1,650 m. Where overlain by the Garnet Range Formation its minimum thickness is 640 m; it thickens northward",02-03,DMU1,Ym,Ym,"235,153,077",,DAS02 | DAS09 | DAS27 | DAS32,Metasedimentary rock,High,DMU54
"55",Ymi,"Bonner Quartzite and Mount Shields, Shepard, and Snowslip Formations, undivided","Bonner Quartzite and Mount Shields, Shepard, and Snowslip Formations, undivided",Proterozoic Y,Mapped only in the upper reaches of Smith and Elk Creeks,02-04,DMU1,Ymi,Ymi,"235,179,102",,DAS02,Metasedimentary rock,High,DMU55
"56",Yb,Bonner Quartzite,Bonner Quartzite,Proterozoic Y,"Consists mostly of pink, pale-red, and pinkish-gray, fine- to medium-grained, poorly sorted beds of quartzite that range in thickness from 31 cm to 76 cm. The quartzite is mostly feldspathic and locally includes fragments of red argillite. Many beds are crossbedded and ripple marked. Thickness ranges from 213 m to 580 m",02-05,DMU1,Yb,Yb,"204,128,077",,DAS02,Quartzite,High,DMU56
"57",Yms,Mount Shields Formation,Mount Shields Formation,Proterozoic Y,"Mostly bright reddish brown, thinly laminated, micaceous siltite, argillite, and thin- to thick-bedded quartzite. Sedimentary features include minute cross-laminations, ripple marks, mud-crack fillings, and mud chips. A grayish-green siltite unit with local interbedded dark-gray fissile shale widespread in the upper part of the formation. Salt-crystal casts widespread in the upper part of the formation, beneath the grayish-green unit. The quartzite beds are mostly fine to medium grained and more common in the middle and lower parts of the formation. A thick (155 m to 305 m) quartzite unit is present in the upper-middle part of the formation in the southern outcrop. It contains poorly sorted, fine- to coarse-grained, pinkish-gray to reddish-brown quartzite beds less than 1 m thick that are separated by thin beds of reddish-brown siltite and argillite. The color, grain size, and sedimentary features of the quartzite beds are similar to those in the Bonner Quartzite. The lower part of the formation in the eastern outcrop commonly contains thin beds of glauconitic quartzite. In the central and northern parts of the area the formation is more argillitic and contains beds of stromatolitic and oolitic limestone. The formation thickens south and west, from 555 m in the eastern outcrop to 2,180 m in the west at Swan Range and to 1,860 m in the south",02-06,DMU1,Yms,Yms,"222,180,129",,DAS02,Metasedimentary rock,High,DMU57
"58",Ysh,Shepard Formation,Shepard Formation,Proterozoic Y,"Consists mostly of greenish-gray to grayish-yellow micaceous siltite and some silty limestone and argillite. Beds of maroon siltite and argillite widespread in the middle part and locally in the upper part. Thin glauconitic quartzite lentils widespread in the upper part of the formation in the eastern outcrop, but sparse elsewhere. Ripple marks, minute cross lamination, load casts, and mud cracks also common in the eastern outcrop. An edgewise conglomerate present near the base of the formation in the east, but elsewhere a stromatolitic limestone bed occurs at the same horizon. Other beds of stromatolitic limestone also present in the lower part of the formation in the Mission Range (Harrison and others, 1969 - DAS06). The formation thickens westward and southward, from 249 m in the eastern outcrop to about 900 m in the west in the Swan Range and about 715 m in the south",02-07,DMU1,Ysh,Ysh,"235,204,179",,DAS02 | DAS06,Metasedimentary rock,High,DMU58
"59",Ysn,Snowslip Formation,Snowslip Formation,Proterozoic Y,"Consists of pale-red to reddish-brown beds and interbedded greenish-gray beds of argillite and siltite with some thin beds of very fine to fine-grained quartzite. Thin beds of stromatolitic and oolitic limestone and flat pebble conglomerate locally occur at various horizons. Crossbedded, minute laminae, ripple marks, and mud cracks common features; raindrop impressions mudchip conglomerates less common. Thin beds of poorly sorted, fine- to coarse-grained quartzite and gritstone common near the lower contact. The formation thickens west and south, from about 215 m in the eastern outcrop to 1,660 min the Swan Range and 1,100 min the southern part of the area",02-08,DMU1,Ysn,Ysn,"235,179,128",,DAS02,Metasedimentary rock,High,DMU59
"60",Yh,Helena Formation,Helena Formation,Proterozoic Y,"In most places the Helena is divisible into three units. The upper unit consists of beds of limestone interbedded with dolomite, siltite, and argillite. Beds of stromatolites, oolites, and edgewise conglomerates widespread. The middle unit, comprising most of the formation, consists of light- to medium-gray, thin-to thick-bedded silty limestone, dolomite, and calcitic dolomite that weathers to a yellowish gray to grayish orange. Commonly, vertical ribbons, blobs, horizontal mats, lenses, and pods differentially weather to form crenulating patterns (""molar tooth structure,"" O'Connor, 1967 - DAS30). Stromatolites, oolites, and edgewise conglomerates locally present at various horizons, especially in the eastern outcrop. The lower unit consists mostly of calcareous or dolomitic siltite with some beds of dolomite and quartzite. The siltite is gray, greenish gray, and locally dark red near the lower contact. The quartzite that occurs at the base is light gray, thinly bedded, calcareous, medium grained, and poorly sorted. The Helena thickens westward and southward, from about 205 m in the central part of the eastern outcrop to about 3,000 min the Mission Range (Harrison and others, 1969 - DAS06) to 1,662 m in the south (Mudge and others, 1974 - DAS11)",02-09,DMU1,Yh,Yh,"235,222,128",,DAS02 | DAS06 | DAS11 | DAS30,Metasedimentary rock,High,DMU60
"61",Yes,Spokane and Empire Formations undivided,Spokane and Empire Formations undivided,Proterozoic Y,"Undivided only in the eastern and part of the southern outcrop area. In those areas the unit is pale-red, maroon, green, and gray siliceous argillite and siltite, with minor thin beds of poorly sorted, fine-grained quartzite. Locally in the eastern outcrop also contains some thin beds of dolomite, edgewise conglomerate, and stromatolite beds",02-10,DMU1,Yes,Yes,"153,179,179",,DAS02,Metasedimentary rock,High,DMU61
"62",Ye,Empire Formation,Empire Formation,Proterozoic Y,"A transitional unit between the Helena and Spokane Formations. Mostly greenish gray argillite and siltite with interbeds of quartzite, dolomite, and locally stromatolitic and oolitic carbonate rock. The quartzites are poorly sorted, ranging from very fine to medium grained, and locally carbonate cemented. The amount of carbonate appears to increase upward. Red to purple beds of predominantly argillite occur in the lower part of the formation. The formation varies in thickness from less than 1 m to as much as 610 m (Mudge and others, 1974 - DAS11, 1978 - DAS27)",02-11,DMU1,Ye,Ye,"222,204,179",,DAS02 | DAS11 | DAS27,Metasedimentary rock,High,DMU62
"63",Ys,Spokane Formation,Spokane Formation,Proterozoic Y,"Mostly pale-purplish-red and grayish-red siltite and argillite interbedded with lithologically similar greenish-gray beds. The southeastern and northwestern outcrops contain light-gray, very fine to medium-grained, thin beds of quartzite that locally contain minute crossbeds and ripple marks. The formation as much as 1,500 m thick in the Swan Range (Johns, 1970 - DAS24) and as much as 915 m thick in the southeast (Schmidt and Strong, 1972 - DAS18)",02-12,DMU1,Ys,Ys,"235,222,204",,DAS02 | DAS18 | DAS24,Metasedimentary rock,High,DMU63
"64",Yg,Greyson Formation,Greyson Formation,Proterozoic Y,"The oldest unit exposed in and near the map area; therefore, its base is not exposed. Consists of light-gray to greenish-gray, thinly bedded siltite with some quartzite, grading down into dark-gray, greenish-gray, very thinly laminated argillite and siltite in the lower part. Its sedimentary features include ripple marks, mudcracks, and locally salt crystal casts (Schmidt and Strong, 1972 - DAS18). Thickness of the formation is as much as 762 m (Schmidt and Strong, 1972 - DAS18)",02-13,DMU1,Yg,Yg,"204,179,077",,DAS02 | DAS18,Metasedimentary rock,High,DMU64
"65",,"Igneous rocks, younger than early Tertiary thrust faulting in the Montana Disturbed Belt",,,,"03",Heading2,,,,,DAS02,,,DMU65
"66",Tb,Basalt,Basalt,Pliocene?,"Occurs mostly as dark-gray to gray-brown, finely porphyritic flows with numerous calcite- and zeolite-filled cavities. Locally weathers into spheroidal boulders and overlies Tertiary lakebed deposits. Present only in the Keep Cool Lakes area on the southern border of map area",03-01,DMU1,Tb,Tb,"255,153,128",,DAS02,Mafic-composition lava flows,High,DMU66
"67",Td,Dacite,Dacite,Miocene? And Oligocene,"Volcanic neck or plug and sills, gray to light-gray, aphanitic groundmass of greenish-gray feldspar with phenocrysts of light-gray feldspar, hornblende, and biotite. Present only at and near Haystack Butte in southeastern part of map area",03-02,DMU1,Td,Td,"255,128,000",,DAS02,"Fine-grained, intermediate-composition intrusive igneous rock",High,DMU67
"68",Tm,Hornblende monzonite,Hornblende monzonite,Eocene?,"Light-gray, fine-grained, equigranular dikes and sills composed of andesine, sanidine, hornblende, augite, biotite, magnetite, and apatite. Hornblende needles, 3-4 mm long, characterize the rock (Schmidt, 1972b, c - DAS 16, DAS17; Schmidt and Strong, 1972 - DAS18). Dated as 46.3 m.y. by the K-Ar method (R. G. Schmidt, 1978 - DAS31). Widespread in southeast comer of map area",03-03,DMU1,Tm,Tm,"235,179,235",,DAS02 | DAS16 | DAS17 | DAS18 | DAS31,"Fine-grained, felsic-composition intrusive igneous rock",High,DMU68
"69",Tmp,Monzonite porphyry,Monzonite porphyry,Eocene?,"Stocks, dikes, and sills, of light-gray, abundant, 1-cm and larger phenocrysts of orthoclase that weather out as euhedral crystals. Dated at 58.3 m.y. by the K-Ar method (Mehnert and Schmidt, 1971 - DAS26; Schmidt, 1978 - DAS31). Present only in southeast corner of map area",03-04,DMU1,Tmp,Tmp,"235,077,153",,DAS02 | DAS26 | DAS31,"Coarse-grained, intermediate-composition intrusive igneous rock",High,DMU69
"70",Ta,Biotite trachyandesite and andesite,Biotite trachyandesite and andesite,Paleocene?,"Dikes, sills, and irregular-shaped bodies. Includes trachybasalt and biotite trachybasalt of Schmidt (1972b, c - DAS16, DAS17; 1978 - DAS31). Dark-gray, aphanitic groundmass with hornblende and some biotite phenocrysts, weathers brown. Present only in the southeast corner of map area",03-05,DMU1,Ta,Ta,"235,077,077",,DAS02 | DAS16 | DAS17 | DAS31,"Fine-grained, intermediate-composition intrusive igneous rock",Medium,DMU70
"71",,Igneous rocks older than early Tertiary thrust faulting in the Montana disturbed belt,,,,"04",Heading2,,,,,DAS02,,,DMU71
"72",Tva,Adel Mountain Volcanics of Lyons (1944 - DAS25),Adel Mountain Volcanics of Lyons (1944 - DAS25),Paleocene?,"Volcanic and volcanic-sedimentary rocks. Trachyandesite and trachybasalt flows (Schmidt, 1972a - DAS15), volcanic conglomerate, breccia, and lacustrine deposits of volcanic sandstone, siltstone, and mudstone (Schmidt, 1972a - DAS15, 1978 - DAS31). Present only in southeast corner of map area",04-01,DMU1,Tva,Tva,"255,204,179",,DAS02 | DAS15 | DAS25 | DAS31,Sedimentary and extrusive igneous material,High,DMU72
"73",TKi,Trachyandesite,Trachyandesite,Paleocene or Upper Cretaceous,"Sills, dark grayish brown, aphanitic groundmass of feldspar with phenocrysts of plagioclase, potassium feldspar, pyroxene, and quartz (Mudge, 1972 - DAS09). Widespread near the North Fork Sun River",04-02,DMU1,TKi,TKi,"235,153,179",,DAS02 | DAS09,"Fine-grained, intermediate-composition intrusive igneous rock",High,DMU73
"74",TKr,Rhyolite,Rhyolite,Paleocene or Upper Cretaceous,"Dikes and sills, light-gray to white; finely porphyritic with abundant 2-3 mm phenocrysts of quartz and oligoclase (Schmidt, 1972c - DAS17, 1978 - DAS31). Present only in southeast corner of the map area",04-03,DMU1,TKr,TKr,"128,077,102",,DAS02 | DAS17 | DAS31,"Fine-grained, felsic-composition intrusive igneous rock",High,DMU74
"75",TKp,Quartz monzonite porphyry,Quartz monzonite porphyry,Paleocene or Upper Cretaceous,"Sills, light-grayish-orange; coarsely porphyritic with abundant 1 cm and larger phenocrysts of potassium feldspar and oligoclase-andesine in a fine-grained groundmass (Schmidt, 1972c - DAS17, 1978 - DAS31)",04-04,DMU1,TKp,TKp,"235,204,204",,DAS02 | DAS17 | DAS31,"Coarse-grained, felsic-composition intrusive igneous rock",Medium,DMU75
"76",Kl,Latite,Latite,Cretaceous,"Sill, gray, grayish-purple; massive and porphyritic with abundant phenocrysts of labradorite in an aphanitic groundmass (Schmidt, 1972c - DAS17, 1978 - DAS31). Present only in southeast corner of map area",04-05,DMU1,Kl,Kl,"235,204,255",,DAS02 | DAS17 | DAS31,"Fine-grained, intermediate-composition intrusive igneous rock",High,DMU76
"77",Ks,Diorite sills (in GeologicLines feature class),Diorite sills (in GeologicLines feature class),Cretaceous?,"Includes rhyodacite porphyry and diorite as mapped by Schmidt and Strong (1972 - DAS19) and Schmidt (1978 - DAS31). The rhyodacite is greenish gray with phenocrysts of oligoclase and hornblende mainly in a groundmass of quartz and feldspar. The diorite is greenish gray, fine grained, and equigranular (Schmidt and Strong, 1972 - DAS19). Present only in southeast corner of map area",04-06,DMU1,Ks,Ks,,,DAS02 | DAS19 | DAS31,"Coarse-grained, intermediate-composition intrusive igneous rock",High,DMU77
"78",Zd,Diorite sills and local dikes,Diorite sills and local dikes,Proterozoic Z,"Mostly diorite and quartz diorite, locally minor diorite-gabbro and monzonite. Dark gray, weathers grayish brown. Dated at 750+/-25 m.y. by K-Ar method (J. D. Obradovich, oral commun., 1966). Widespread throughout map area",04-07,DMU1,Zd,Zd,"204,128,235",,DAS02,"Coarse-grained, intermediate-composition intrusive igneous rock",High,DMU78
"79",Ydi,"Andesite, basaltic andesite, and dacite","Andesite, basaltic andesite, and dacite",Proterozoic Y,"Thin sills, grayish-green; amphibole, biotite, and feldspar phenocrysts in aphanitic groundmass of plagioclase and ferromagnesian minerals. Probably equivalent in age (1,075 m.y.) to the Purcell Lava of the Belt Supergroup in Glacier National Park. Present in southern part of map area near and southeast of Red Mountain",04-08,DMU1,Ydi,Ydi,"128,077,153",,DAS02,"Fine-grained, mafic-composition intrusive igneous rock",Medium,DMU79
