OBJECTID,Type,Description,IsConcealed,LocationConfidenceMeters,ExistenceConfidence,IdentityConfidence,Symbol,Label,DataSourceID,Notes,GeologicLines_ID,Shape_Length
"1",anticline,"anticline, certain",N,"-9",certain,certain,05.01.01,,DAS01,merged multiple lines into one,GEL001,"10251.92595066811"
"2",anticline,"anticline, certain",N,"-9",certain,certain,05.01.01,,DAS01,merged multiple lines into one,GEL002,"6175.88426351175"
"3",anticline,"anticline, certain",N,"-9",certain,certain,05.01.01,,DAS01,,GEL003,"1413.237503632594"
"4",anticline,"anticline, certain",N,"-9",certain,certain,05.01.01,,DAS01,merged multiple lines into one,GEL004,"2181.153152984774"
"5",anticline,"anticline, certain",N,"-9",certain,certain,05.01.01,,DAS01,modified to match printed map,GEL005,"941.8499073741094"
"6",anticline,"anticline, certain",N,"-9",certain,certain,05.01.01,,DAS01,,GEL006,"5486.652363583651"
"7",anticline,"anticline, certain",N,"-9",certain,certain,05.01.01,,DAS01,,GEL007,"3107.967111624399"
"8",anticline,"anticline, certain",N,"-9",certain,certain,05.01.01,,DAS01,modified to match printed map,GEL008,"2462.367923550461"
"9",anticline,"anticline, certain",N,"-9",certain,certain,05.01.01,,DAS01,,GEL009,"1009.556931084806"
"10",anticline,"anticline, certain",N,"-9",certain,certain,05.01.01,,DAS01,modified to match printed map,GEL010,"883.7943957104408"
"11",anticline,"anticline, certain",N,"-9",certain,certain,05.01.01,,DAS01,,GEL011,"513.4265471385276"
"12",anticline,"anticline, certain",N,"-9",certain,certain,05.01.01,,DAS01,,GEL012,"665.533304382186"
"13",anticline,"anticline, certain",N,"-9",certain,certain,05.01.01,,DAS01,merged multiple lines into one,GEL013,"991.6019894968906"
"14",anticline,"anticline, certain",N,"-9",certain,certain,05.01.01,,DAS01,,GEL014,"4578.450860548491"
"15",anticline,"anticline, certain",N,"-9",certain,certain,05.01.01,,DAS01,modified to match printed map,GEL015,"16960.4577387582"
"16",anticline,"anticline, certain",N,"-9",certain,certain,05.01.01,,DAS01,,GEL016,"2536.398296632143"
"17",anticline,"anticline, certain",N,"-9",certain,certain,05.01.01,,DAS01,modified to match printed map,GEL017,"883.4811081859442"
"18",anticline,"anticline, certain",N,"-9",certain,certain,05.01.01,,DAS01,,GEL018,"690.4234964946686"
"19",anticline,"anticline, certain",N,"-9",certain,certain,05.01.01,,DAS01,modified to match printed map,GEL019,"4772.20113642012"
"20",anticline,"anticline, certain",N,"-9",certain,certain,05.01.01,,DAS01,modified to match printed map,GEL020,"671.7200633045584"
"21",anticline,"anticline, certain",N,"-9",certain,certain,05.01.01,,DAS01,,GEL021,"585.0672192058425"
"22",anticline,"anticline, certain",N,"-9",certain,certain,05.01.01,,DAS01,,GEL022,"1273.778475072527"
"23",anticline,"anticline, certain",N,"-9",certain,certain,05.01.01,,DAS01,modified to match printed map,GEL023,"2033.441881072288"
"24",anticline,"anticline, certain",N,"-9",certain,certain,05.01.01,,DAS01,,GEL024,"1954.311927758055"
"25",anticline,"anticline, certain",N,"-9",certain,certain,05.01.01,,DAS01,"merged multiple lines into one; modified to match printed map",GEL025,"6606.430967759848"
"26",anticline,"anticline, certain",N,"-9",certain,certain,05.01.01,,DAS01,,GEL026,"2149.17687537142"
"27",anticline,"anticline, certain",N,"-9",certain,certain,05.01.01,,DAS01,,GEL027,"2713.022782689286"
"28",anticline,"anticline, certain",N,"-9",certain,certain,05.01.01,,DAS01,merged multiple lines into one,GEL028,"6965.138370560556"
"29",anticline,"anticline, certain",N,"-9",certain,certain,05.01.01,,DAS01,,GEL029,"478.6898967788347"
"30",anticline,"anticline, certain",N,"-9",certain,certain,05.01.01,,DAS01,merged multiple lines into one,GEL030,"5210.860384020478"
"31",anticline,"anticline, certain",N,"-9",certain,certain,05.01.01,,DAS01,modified to match printed map,GEL031,"3016.88201180576"
"32",anticline,"anticline, certain",N,"-9",certain,certain,05.01.01,,DAS01,,GEL032,"383.5526784098654"
"33",anticline,"anticline, certain",N,"-9",certain,certain,05.01.01,,DAS01,,GEL033,"1764.705350118905"
"34",anticline,"anticline, certain",N,"-9",certain,certain,05.01.01,,DAS01,merged multiple lines into one,GEL034,"3897.584105769324"
"35",anticline,"anticline, certain",N,"-9",certain,certain,05.01.01,,DAS01,merged multiple lines into one,GEL035,"2610.672873415746"
"36",anticline,"anticline, certain",N,"-9",certain,certain,05.01.01,,DAS01,"merged multiple lines into one; modified to match printed map",GEL036,"3569.567161042323"
"37",anticline,"anticline, certain",N,"-9",certain,certain,05.01.01,,DAS01,,GEL037,"1271.833868188548"
"38",anticline,"anticline, certain",N,"-9",certain,certain,05.01.01,,DAS01,,GEL038,"6729.164064500939"
"39",anticline,"anticline, certain",N,"-9",certain,certain,05.01.01,,DAS01,,GEL039,"3786.530838359909"
"40",anticline,"anticline, certain",N,"-9",certain,certain,05.01.01,,DAS01,,GEL040,"8420.724311132091"
"41",anticline,"anticline, certain",N,"-9",certain,certain,05.01.01,,DAS01,,GEL041,"631.1123671774212"
"42",anticline,"anticline, certain",N,"-9",certain,certain,05.01.01,,DAS01,,GEL042,"2147.524254393069"
"43",anticline,"anticline, certain",N,"-9",certain,certain,05.01.01,,DAS01,,GEL043,"956.9554835408063"
"44",anticline,"anticline, certain",N,"-9",certain,certain,05.01.01,,DAS01,,GEL044,"3550.533271694498"
"45",anticline,"anticline, certain",N,"-9",certain,certain,05.01.01,,DAS01,modified to match printed map,GEL045,"5824.20072674192"
"46",anticline,"anticline, certain",N,"-9",certain,certain,05.01.01,,DAS01,,GEL046,"2025.381392436241"
"47",anticline,"anticline, certain",N,"-9",certain,certain,05.01.01,,DAS01,merged multiple lines into one,GEL047,"2056.997231168722"
"48",anticline,"anticline, certain",N,"-9",certain,certain,05.01.01,,DAS01,,GEL048,"2135.803553388756"
"49",anticline,"anticline, certain",N,"-9",certain,certain,05.01.01,,DAS01,"merged multiple lines into one; modified to match printed map",GEL049,"11099.4172250946"
"50",anticline,"anticline, certain",N,"-9",certain,certain,05.01.01,,DAS01,merged multiple lines into one,GEL050,"6641.919442975924"
"51",anticline,"anticline, certain",N,"-9",certain,certain,05.01.01,,DAS01,"changed from concealed to certain to match printed map; merged multiple lines into one",GEL051,"908.8237106581265"
"52",anticline,"anticline, certain",N,"-9",certain,certain,05.01.01,,DAS01,,GEL052,"2797.690312690898"
"53",anticline,"anticline, certain",N,"-9",certain,certain,05.01.01,,DAS01,,GEL053,"3526.0378287653"
"54",anticline,"anticline, certain",N,"-9",certain,certain,05.01.01,,DAS02,added line to match printed map,GEL054,"6711.244162261674"
"55",anticline,"anticline, certain",N,"-9",certain,certain,05.01.01,,DAS01,,GEL055,"255.3574579129659"
"56",anticline,"anticline, certain",N,"-9",certain,certain,05.01.01,,DAS01,,GEL056,"1513.870825696727"
"57",anticline,"anticline, certain",N,"-9",certain,certain,05.01.01,,DAS01,,GEL057,"5258.069726695447"
"58",anticline,"anticline, certain",N,"-9",certain,certain,05.01.01,,DAS01,"merged multiple lines into one; modified to match printed map",GEL058,"2409.070993478285"
"59",anticline,"anticline, certain",N,"-9",certain,certain,05.01.01,,DAS01,,GEL059,"381.9311586600002"
"60",anticline,"anticline, certain",N,"-9",certain,certain,05.01.01,,DAS01,modified to match printed map,GEL060,"1713.37707218153"
"61",anticline,"anticline, certain",N,"-9",certain,certain,05.01.01,,DAS01,,GEL061,"2618.814464938694"
"62",anticline,"anticline, certain",N,"-9",certain,certain,05.01.01,,DAS01,,GEL062,"816.7341607550671"
"63",anticline,"anticline, certain",N,"-9",certain,certain,05.01.01,,DAS01,,GEL063,"189.6973716737798"
"64",anticline,"anticline, certain",N,"-9",certain,certain,05.01.01,,DAS01,modified to match printed map,GEL064,"1346.05541505615"
"65",anticline,"anticline, certain",N,"-9",certain,certain,05.01.01,,DAS01,,GEL065,"1751.67552864784"
"66",anticline,"anticline, certain",N,"-9",certain,certain,05.01.01,,DAS01,merged multiple lines into one,GEL066,"5402.429815347125"
"67",anticline,"anticline, certain",N,"-9",certain,certain,05.01.01,,DAS01,,GEL067,"1389.5939837498"
"68",anticline,"anticline, certain",N,"-9",certain,certain,05.01.01,,DAS01,"merged multiple lines into one; modified to match printed map",GEL068,"9942.392276969556"
"69",anticline,"anticline, certain",N,"-9",certain,certain,05.01.01,,DAS01,,GEL069,"762.2446819238487"
"70",anticline,"anticline, certain",N,"-9",certain,certain,05.01.01,,DAS01,"merged multiple lines into one; modified to match printed map",GEL070,"6325.751825906626"
"71",anticline,"anticline, certain",N,"-9",certain,certain,05.01.01,,DAS01,modified to match printed map,GEL071,"1174.859159027344"
"72",anticline,"anticline, certain",N,"-9",certain,certain,05.01.01,,DAS01,merged multiple lines into one,GEL072,"1234.991127898374"
"73",anticline,"anticline, certain",N,"-9",certain,certain,05.01.01,,DAS01,,GEL073,"1972.405330549555"
"74",anticline,"anticline, certain",N,"-9",certain,certain,05.01.01,,DAS01,,GEL074,"2014.965979785047"
"75",anticline,"anticline, certain",N,"-9",certain,certain,05.01.01,,DAS01,modified to match printed map,GEL075,"846.210443617695"
"76",anticline,"anticline, certain",N,"-9",certain,certain,05.01.01,,DAS01,,GEL076,"1351.927456126062"
"77",anticline,"anticline, certain",N,"-9",certain,certain,05.01.01,,DAS01,,GEL077,"3546.093584477882"
"78",anticline,"anticline, certain",N,"-9",certain,certain,05.01.01,,DAS01,,GEL078,"3321.819449115037"
"79",anticline,"anticline, certain",N,"-9",certain,certain,05.01.01,,DAS01,,GEL079,"10416.88740532809"
"80",anticline,"anticline, certain",N,"-9",certain,certain,05.01.01,,DAS01,,GEL080,"3317.54033282617"
"81",anticline,"anticline, certain",N,"-9",certain,certain,05.01.01,,DAS01,,GEL081,"3390.615449879528"
"82",anticline,"anticline, certain",N,"-9",certain,certain,05.01.01,,DAS01,merged multiple lines into one,GEL082,"21153.58519415721"
"83",anticline,"anticline, certain",N,"-9",certain,certain,05.01.01,,DAS01,merged multiple lines into one,GEL083,"6117.638504904958"
"84",anticline,"anticline, certain",N,"-9",certain,certain,05.01.01,,DAS01,,GEL084,"3652.765878724574"
"85",anticline,"anticline, certain",N,"-9",certain,certain,05.01.01,,DAS01,merged multiple lines into one,GEL085,"6050.235157980138"
"86",anticline,"anticline, certain",N,"-9",certain,certain,05.01.01,,DAS01,merged multiple lines into one,GEL086,"3079.433406494554"
"87",anticline,"anticline, certain",N,"-9",certain,certain,05.01.01,,DAS01,,GEL087,"5413.844494858377"
"88",anticline,"anticline, certain",N,"-9",certain,certain,05.01.01,,DAS01,modified to match printed map,GEL088,"1224.668974566362"
"89",anticline,"anticline, certain",N,"-9",certain,certain,05.01.01,,DAS01,,GEL089,"2937.903392046858"
"90",anticline,"anticline, certain",N,"-9",certain,certain,05.01.01,,DAS01,,GEL090,"1246.088439867392"
"91",anticline,"anticline, certain",N,"-9",certain,certain,05.01.01,,DAS01,merged multiple lines into one,GEL091,"7766.344594906543"
"92",anticline,"anticline, certain",N,"-9",certain,certain,05.01.01,,DAS01,,GEL092,"5345.131780036441"
"93",anticline,"anticline, certain",N,"-9",certain,certain,05.01.01,,DAS01,modified to match printed map,GEL093,"1074.458960446387"
"94",anticline,"anticline, certain",N,"-9",certain,certain,05.01.01,,DAS01,,GEL094,"722.9233013507879"
"95",anticline,"anticline, certain",N,"-9",certain,certain,05.01.01,,DAS01,,GEL095,"913.9826349910304"
"96",anticline,"anticline, certain",N,"-9",certain,certain,05.01.01,,DAS01,merged multiple lines into one,GEL096,"918.9102780184857"
"97",anticline,"anticline, certain",N,"-9",certain,certain,05.01.01,,DAS01,merged multiple lines into one,GEL097,"3087.136463771073"
"98",anticline,"anticline, certain",N,"-9",certain,certain,05.01.01,,DAS01,merged multiple lines into one,GEL098,"4436.45572457406"
"99",anticline,"anticline, certain",N,"-9",certain,certain,05.01.01,,DAS01,,GEL099,"1863.084865115759"
"100",anticline,"anticline, certain",N,"-9",certain,certain,05.01.01,,DAS01,,GEL100,"1011.856920577497"
"101",anticline,"anticline, certain",N,"-9",certain,certain,05.01.01,,DAS01,"merged multiple lines into one; modified to match printed map",GEL101,"1027.845603922305"
"102",anticline,"anticline, certain",N,"-9",certain,certain,05.01.01,,DAS01,merged multiple lines into one,GEL102,"10678.46403774332"
"103",anticline,"anticline, certain",N,"-9",certain,certain,05.01.01,,DAS01,,GEL103,"252.571691351459"
"104",anticline,"anticline, certain",N,"-9",certain,certain,05.01.01,,DAS01,,GEL104,"2509.841920351112"
"105",anticline,"anticline, certain",N,"-9",certain,certain,05.05.01,,DAS02,added line to match printed map,GEL105,"869.6066416610809"
"106",anticline,"anticline, certain",N,"-9",certain,certain,05.01.01,,DAS01,,GEL106,"2689.025877844848"
"107",anticline,"anticline, certain",N,"-9",certain,certain,05.01.01,,DAS01,"merged multiple lines into one; modified to match printed map",GEL107,"3536.329615595632"
"108",anticline,"anticline, certain",N,"-9",certain,certain,05.01.01,,DAS01,merged multiple lines into one,GEL108,"3958.900753186328"
"109",anticline,"anticline, certain",N,"-9",certain,certain,05.01.01,,DAS01,,GEL109,"1850.113935619726"
"110",anticline,"anticline, certain",N,"-9",certain,certain,05.01.01,,DAS01,merged multiple lines into one,GEL110,"8328.64972228948"
"111",anticline,"anticline, certain",N,"-9",certain,certain,05.01.01,,DAS01,merged multiple lines into one,GEL111,"12885.61994089912"
"112",anticline,"anticline, certain",N,"-9",certain,certain,05.01.01,,DAS01,modified to match printed map,GEL112,"303.8785802087596"
"113",anticline,"anticline, certain",N,"-9",certain,certain,05.01.01,,DAS01,,GEL113,"2759.14930308904"
"114",anticline,"anticline, certain",N,"-9",certain,certain,05.01.01,,DAS02,added line to match printed map,GEL114,"1264.01330525942"
"115",anticline,"anticline, certain",N,"-9",certain,certain,05.01.01,,DAS01,,GEL115,"939.3696473779506"
"116",anticline,"anticline, certain",N,"-9",certain,certain,05.01.01,,DAS01,merged multiple lines into one,GEL116,"2071.368931028543"
"117",anticline,"anticline, certain",N,"-9",certain,certain,05.01.01,,DAS01,,GEL117,"2765.598007666421"
"118",anticline,"anticline, certain",N,"-9",certain,certain,05.01.01,,DAS01,,GEL118,"745.0686087811955"
"119",anticline,"anticline, certain",N,"-9",certain,certain,05.01.01,,DAS01,modified to match printed map,GEL119,"996.5368234312002"
"120",anticline,"anticline, certain",N,"-9",certain,certain,05.01.01,,DAS01,merged multiple lines into one,GEL120,"1240.685223651143"
"121",anticline,"anticline, certain",N,"-9",certain,certain,05.01.01,,DAS01,,GEL121,"970.1752307300032"
"122",anticline,"anticline, certain",N,"-9",certain,certain,05.01.01,,DAS01,,GEL122,"4898.129476817734"
"123",anticline,"anticline, certain",N,"-9",certain,certain,05.01.01,,DAS01,,GEL123,"5883.004855668189"
"124",anticline,"anticline, certain",N,"-9",certain,certain,05.01.01,,DAS01,merged multiple lines into one,GEL124,"440.9745309095338"
"125",anticline,"anticline, certain",N,"-9",certain,certain,05.01.01,,DAS01,modified to match printed map,GEL125,"606.9590274522802"
"126",anticline,"anticline, certain",N,"-9",certain,certain,05.01.01,,DAS01,,GEL126,"4327.232320472939"
"127",anticline,"anticline, certain",N,"-9",certain,certain,05.01.01,,DAS01,,GEL127,"1695.173516503005"
"128",anticline,"anticline, certain",N,"-9",certain,certain,05.01.01,,DAS01,,GEL128,"596.3695067488957"
"129",anticline,"anticline, certain",N,"-9",certain,certain,05.01.01,,DAS01,merged multiple lines into one,GEL129,"4606.903596399076"
"130",anticline,"anticline, certain",N,"-9",certain,certain,05.01.01,,DAS01,"merged multiple lines into one; modified to match printed map",GEL130,"3031.929146899693"
"131",anticline,"anticline, certain",N,"-9",certain,certain,05.01.01,,DAS01,"merged multiple lines into one; modified to match printed map",GEL131,"3821.070010056855"
"132",anticline,"anticline, certain",N,"-9",certain,certain,05.01.01,,DAS01,"merged multiple lines into one; modified to match printed map",GEL132,"1198.957340515948"
"133",anticline,"anticline, certain",N,"-9",certain,certain,05.01.01,,DAS01,,GEL133,"7886.516131705953"
"134",anticline,"anticline, certain",N,"-9",certain,certain,05.01.01,,DAS01,,GEL134,"2316.101464114861"
"135",anticline,"anticline, certain",N,"-9",certain,certain,05.01.01,,DAS01,modified to match printed map,GEL135,"1036.452492151366"
"136",anticline,"anticline, certain",N,"-9",certain,certain,05.01.01,,DAS01,,GEL136,"3698.635528625909"
"137",anticline,"anticline, certain",N,"-9",certain,certain,05.01.01,,DAS01,modified to match printed map,GEL137,"4055.471892404378"
"138",anticline,"anticline, certain",N,"-9",certain,certain,05.01.01,,DAS01,"merged multiple lines into one; modified to match printed map",GEL138,"1351.24306198294"
"139",anticline,"anticline, certain",N,"-9",certain,certain,05.01.01,,DAS01,,GEL139,"332.2610836371456"
"140",anticline,"anticline, certain",N,"-9",certain,certain,05.01.01,,DAS01,modified to match printed map,GEL140,"1207.092079226101"
"141",anticline,"anticline, certain",N,"-9",certain,certain,05.01.01,,DAS01,merged multiple lines into one,GEL141,"788.5755629595405"
"142",anticline,"anticline, certain",N,"-9",certain,certain,05.01.01,,DAS01,,GEL142,"749.1401424263943"
"143",anticline,"anticline, certain",N,"-9",certain,certain,05.01.01,,DAS01,,GEL143,"51.31529385547439"
"144",anticline,"anticline, certain",N,"-9",certain,certain,05.01.01,,DAS01,merged multiple lines into one,GEL144,"3793.180103863982"
"145",anticline,"anticline, certain",N,"-9",certain,certain,05.01.01,,DAS01,,GEL145,"2566.835631498795"
"146",anticline,"anticline, certain",N,"-9",certain,certain,05.01.01,,DAS01,merged multiple lines into one,GEL146,"3111.275020407328"
"147",anticline,"anticline, certain",N,"-9",certain,certain,05.01.01,,DAS01,"merged multiple lines into one; modified to match printed map",GEL147,"8614.94208121088"
"148",anticline,"anticline, certain",N,"-9",certain,certain,05.01.01,,DAS01,,GEL148,"6884.846210287398"
"149",anticline,"anticline, certain",N,"-9",certain,certain,05.01.01,,DAS01,,GEL149,"493.1987932419371"
"150",anticline,"anticline, certain",N,"-9",certain,certain,05.01.01,,DAS01,merged multiple lines into one,GEL150,"7363.381901541517"
"151",anticline,"anticline, certain",N,"-9",certain,certain,05.01.01,,DAS01,,GEL151,"154.4236417870978"
"152",anticline,"anticline, certain",N,"-9",certain,certain,05.01.01,,DAS01,merged multiple lines into one,GEL152,"1780.280197408541"
"153",anticline,"anticline, certain",N,"-9",certain,certain,05.01.01,,DAS01,merged multiple lines into one,GEL153,"6217.247567505224"
"154",anticline,"anticline, certain",N,"-9",certain,certain,05.01.01,,DAS01,,GEL154,"1025.977345554064"
"155",anticline,"anticline, certain",N,"-9",certain,certain,05.01.01,,DAS01,merged multiple lines into one,GEL155,"3021.332600346534"
"156",anticline,"anticline, certain",N,"-9",certain,certain,05.01.01,,DAS01,,GEL156,"1551.766929264326"
"157",anticline,"anticline, certain",N,"-9",certain,certain,05.01.01,,DAS01,,GEL157,"1373.760432070504"
"158",anticline,"anticline, certain",N,"-9",certain,certain,05.01.01,,DAS01,merged multiple lines into one,GEL158,"3926.996778009406"
"159",anticline,"anticline, certain",N,"-9",certain,certain,05.01.01,,DAS01,merged multiple lines into one,GEL159,"4367.817121391337"
"160",anticline,"anticline, certain",N,"-9",certain,certain,05.01.01,,DAS01,"merged multiple lines into one; modified to match printed map",GEL160,"4472.60043858915"
"161",anticline,"anticline, certain",N,"-9",certain,certain,05.01.01,,DAS01,,GEL161,"733.724055958106"
"162",anticline,"anticline, certain",N,"-9",certain,certain,05.01.01,,DAS01,merged multiple lines into one,GEL162,"3351.493169122014"
"163",anticline,"anticline, certain",N,"-9",certain,certain,05.01.01,,DAS01,,GEL163,"792.8586613673056"
"164",anticline,"anticline, certain",N,"-9",certain,certain,05.01.01,,DAS01,,GEL164,"1095.029003179318"
"165",anticline,"anticline, certain",N,"-9",certain,certain,05.01.01,,DAS01,,GEL165,"857.7843974284636"
"166",anticline,"anticline, certain",N,"-9",certain,certain,05.01.01,,DAS01,merged multiple lines into one,GEL166,"4562.186116830668"
"167",anticline,"anticline, certain",N,"-9",certain,certain,05.01.01,,DAS01,merged multiple lines into one,GEL167,"4804.745967994991"
"168",anticline,"anticline, certain",N,"-9",certain,certain,05.01.01,,DAS02,added line to match printed map,GEL168,"1913.075606989906"
"169",anticline,"anticline, certain",N,"-9",certain,certain,05.01.01,,DAS01,,GEL169,"2302.521000544906"
"170",anticline,"anticline, certain",N,"-9",certain,certain,05.01.01,,DAS01,,GEL170,"647.0005414698226"
"171",anticline,"anticline, concealed",Y,"-9",certain,certain,05.01.07,,DAS01,,GEL171,"1178.055225371912"
"172",anticline,"anticline, concealed",Y,"-9",certain,certain,05.01.07,,DAS01,,GEL172,"758.0302724235837"
"173",anticline,"anticline, concealed",Y,"-9",certain,certain,05.01.07,,DAS01,,GEL173,"348.6721488936934"
"174",anticline,"anticline, concealed",Y,"-9",certain,certain,05.01.07,,DAS01,,GEL174,"2529.971774025722"
"175",anticline,"anticline, concealed",Y,"-9",certain,certain,05.01.07,,DAS01,,GEL175,"499.717681581569"
"176",anticline,"anticline, concealed",Y,"-9",certain,certain,05.01.07,,DAS01,,GEL176,"2464.297082513329"
"177",anticline,"anticline, concealed",Y,"-9",certain,certain,05.01.07,,DAS01,,GEL177,"626.0594935219849"
"178",anticline,"anticline, concealed",Y,"-9",certain,certain,05.01.07,,DAS01,,GEL178,"830.5957692099475"
"179",anticline,"anticline, concealed",Y,"-9",certain,certain,05.01.07,,DAS01,,GEL179,"649.1957633537755"
"180",anticline,"anticline, concealed",Y,"-9",certain,certain,05.01.07,,DAS01,,GEL180,"557.4419422914164"
"181",anticline,"anticline, concealed",Y,"-9",certain,certain,05.01.07,,DAS01,modified to match printed map,GEL181,"1053.792173949663"
"182",anticline,"anticline, concealed",Y,"-9",certain,certain,05.01.07,,DAS01,,GEL182,"1165.792661421219"
"183",anticline,"anticline, concealed",Y,"-9",certain,certain,05.01.07,,DAS01,,GEL183,"343.0553300112947"
"184",anticline,"anticline, concealed",Y,"-9",certain,certain,05.01.07,,DAS01,,GEL184,"209.4958064275708"
"185",anticline,"anticline, concealed",Y,"-9",certain,certain,05.01.07,,DAS02,added line to match printed map,GEL185,"977.2218098688795"
"186",anticline,"anticline, concealed",Y,"-9",certain,certain,05.01.07,,DAS01,changed from certain to concealed to match printed map,GEL186,"748.9617716034862"
"187",anticline,"anticline, concealed",Y,"-9",certain,certain,05.01.07,,DAS01,changed from certain to concealed to match printed map,GEL187,"824.9711739305252"
"188",anticline,"anticline, concealed",Y,"-9",certain,certain,05.01.07,,DAS01,,GEL188,"1976.024251122375"
"189",anticline,"anticline, concealed",Y,"-9",certain,certain,05.01.07,,DAS01,,GEL189,"1303.495599541356"
"190",anticline,"anticline, concealed",Y,"-9",certain,certain,05.01.07,,DAS01,modified to match printed map,GEL190,"2123.06463135461"
"191",anticline,"anticline, concealed",Y,"-9",certain,certain,05.01.07,,DAS01,modified to match printed map,GEL191,"757.8599342234303"
"192",anticline,"anticline, concealed",Y,"-9",certain,certain,05.01.07,,DAS01,modified to match printed map,GEL192,"2839.863868662823"
"193",anticline,"anticline, concealed",Y,"-9",certain,certain,05.01.07,,DAS01,,GEL193,"543.3713336905271"
"194",anticline,"anticline, concealed",Y,"-9",certain,certain,05.01.07,,DAS01,,GEL194,"633.8102695793502"
"195",anticline,"anticline, concealed",Y,"-9",certain,certain,05.01.07,,DAS01,,GEL195,"2194.875647920382"
"196",anticline,"anticline, concealed",Y,"-9",certain,certain,05.01.07,,DAS01,changed from certain to concealed to match printed map,GEL196,"1298.170492554241"
"197",anticline,"anticline, concealed",Y,"-9",certain,certain,05.01.07,,DAS01,changed from certain to concealed to match printed map,GEL197,"1139.333993489195"
"198",anticline,"anticline, concealed",Y,"-9",certain,certain,05.01.07,,DAS01,merged multiple lines into one,GEL198,"8587.641315882671"
"199",anticline,"anticline, concealed",Y,"-9",certain,certain,05.01.07,,DAS01,modified to match printed map,GEL199,"1131.627662349519"
"200",anticline,"anticline, concealed",Y,"-9",certain,certain,05.01.07,,DAS01,,GEL200,"1859.374379610249"
"201",anticline,"anticline, concealed",Y,"-9",certain,certain,05.01.07,,DAS01,modified to match printed map,GEL201,"1601.873996751969"
"202",anticline,"anticline, concealed",Y,"-9",certain,certain,05.01.07,,DAS01,,GEL202,"659.8092099451903"
"203",anticline,"anticline, concealed",Y,"-9",certain,certain,05.01.07,,DAS01,,GEL203,"94.91057511411488"
"204",anticline,"anticline, concealed",Y,"-9",certain,certain,05.01.07,,DAS01,"changed description from 'anticline, certain' to 'anticline, concealed' to match printed map",GEL204,"722.7033038357656"
"205",anticline,"anticline, concealed",Y,"-9",certain,certain,05.01.07,,DAS01,,GEL205,"1513.264666504309"
"206",anticline,"anticline, concealed",Y,"-9",certain,certain,05.01.07,,DAS01,,GEL206,"92.93376334185187"
"207",anticline,"anticline, concealed",Y,"-9",certain,certain,05.01.07,,DAS01,,GEL207,"6788.265250720312"
"208",anticline,"anticline, concealed",Y,"-9",certain,certain,05.01.07,,DAS01,,GEL208,"925.0801388124082"
"209",anticline,"anticline, concealed",Y,"-9",certain,certain,05.01.07,,DAS01,,GEL209,"669.6565133610954"
"210",anticline,"anticline, concealed",Y,"-9",certain,certain,05.01.07,,DAS01,,GEL210,"659.075498385228"
"211",anticline,"anticline, concealed",Y,"-9",certain,certain,05.01.07,,DAS01,,GEL211,"1149.672093255625"
"212",anticline,"anticline, concealed",Y,"-9",certain,certain,05.01.07,,DAS01,,GEL212,"877.2195064210758"
"213",anticline,"anticline, concealed",Y,"-9",certain,certain,05.01.07,,DAS01,,GEL213,"798.1869074493957"
"214",anticline,"anticline, concealed",Y,"-9",certain,certain,05.01.07,,DAS01,modified to match printed map,GEL214,"1604.255163754006"
"215",anticline,"anticline, concealed",Y,"-9",certain,certain,05.01.07,,DAS01,,GEL215,"994.4246637574636"
"216",anticline,"anticline, concealed",Y,"-9",certain,certain,05.01.07,,DAS01,,GEL216,"610.6767882842515"
"217",anticline,"anticline, concealed",Y,"-9",certain,certain,05.01.07,,DAS01,,GEL217,"2540.507362606562"
"218",anticline,"anticline, concealed",Y,"-9",certain,certain,05.01.07,,DAS01,,GEL218,"793.1095982724229"
"219",anticline,"anticline, concealed",Y,"-9",certain,certain,05.01.07,,DAS01,,GEL219,"137.3097059464307"
"220",anticline,"anticline, concealed",Y,"-9",certain,certain,05.01.07,,DAS01,,GEL220,"399.7456599459824"
"221",anticline,"anticline, concealed",Y,"-9",certain,certain,05.01.07,,DAS01,merged multiple lines into one,GEL221,"1154.658623640423"
"222",anticline,"anticline, concealed",Y,"-9",certain,certain,05.01.07,,DAS01,,GEL222,"937.9602977412976"
"223",anticline,"anticline, concealed",Y,"-9",certain,certain,05.01.07,,DAS01,merged multiple lines into one,GEL223,"1005.218844575067"
"224",anticline,"anticline, concealed",Y,"-9",certain,certain,05.01.07,,DAS01,,GEL224,"723.8942965796498"
"225",anticline,"anticline, concealed",Y,"-9",certain,certain,05.01.07,,DAS01,,GEL225,"788.289119511579"
"226",anticline,"anticline, concealed",Y,"-9",certain,certain,05.01.07,,DAS01,changed from certain to concealed to match printed map,GEL226,"83.41588800376796"
"227",anticline,"anticline, concealed",Y,"-9",certain,certain,05.01.07,,DAS01,,GEL227,"2124.948324782871"
"228",anticline,"anticline, concealed",Y,"-9",certain,certain,05.01.07,,DAS01,,GEL228,"584.6319191811552"
"229",anticline,"anticline, concealed",Y,"-9",certain,certain,05.01.07,,DAS01,,GEL229,"4330.203492202309"
"230",anticline,"anticline, concealed",Y,"-9",certain,certain,05.01.07,,DAS01,,GEL230,"2366.27730251291"
"231",anticline,"anticline, concealed",Y,"-9",certain,certain,05.01.07,,DAS01,,GEL231,"585.5571773701338"
"232",anticline,"anticline, concealed",Y,"-9",certain,certain,05.01.07,,DAS01,,GEL232,"1181.997891922266"
"233",anticline,"anticline, concealed",Y,"-9",certain,certain,05.01.07,,DAS01,,GEL233,"320.3971483729333"
"234",anticline,"anticline, concealed",Y,"-9",certain,certain,05.01.07,,DAS01,,GEL234,"395.7010386552907"
"235",anticline,"anticline, concealed",Y,"-9",certain,certain,05.01.07,,DAS02,added line to match printed map,GEL235,"971.3722512696257"
"236",anticline,"anticline, concealed",Y,"-9",certain,certain,05.01.07,,DAS01,,GEL236,"1810.236604751989"
"237",anticline,"anticline, concealed",Y,"-9",certain,certain,05.01.07,,DAS01,,GEL237,"1950.05438148181"
"238",anticline,"anticline, concealed",Y,"-9",certain,certain,05.01.07,,DAS01,,GEL238,"561.9240199926487"
"239",anticline,"anticline, concealed",Y,"-9",certain,certain,05.01.07,,DAS01,,GEL239,"1887.074484693293"
"240",anticline,"anticline, concealed",Y,"-9",certain,certain,05.01.07,,DAS01,modified to match printed map,GEL240,"1155.65484472808"
"241",anticline,"anticline, concealed",Y,"-9",certain,certain,05.01.07,,DAS01,,GEL241,"191.506781352118"
"242",anticline,"anticline, concealed",Y,"-9",certain,certain,05.01.07,,DAS01,,GEL242,"265.8621080991513"
"243","anticline, double plunging","anticline, double plunging (out), certain",N,"-9",certain,certain,05.10.06,,DAS01,modified to match printed map,GEL243,"2452.681774982131"
"244","anticline, double plunging","anticline, double plunging (out), certain",N,"-9",certain,certain,05.10.06,,DAS01,"merged multiple lines into one; modified to match printed map",GEL244,"3231.111261460171"
"245","anticline, overturned","anticline, overturned, certain",N,"-9",certain,certain,05.03.17,,DAS01,,GEL245,"2073.018470816665"
"246","anticline, overturned","anticline, overturned, certain",N,"-9",certain,certain,05.03.17,,DAS01,merged multiple lines into one,GEL246,"2843.926576608996"
"247","anticline, overturned","anticline, overturned, certain",N,"-9",certain,certain,05.03.17,,DAS01,merged multiple lines into one,GEL247,"5196.437894829671"
"248","anticline, overturned","anticline, overturned, certain",N,"-9",certain,certain,05.03.17,,DAS01,,GEL248,"1633.086033507695"
"249","anticline, overturned","anticline, overturned, certain",N,"-9",certain,certain,05.03.17,,DAS01,"merged multiple lines into one; modified to match printed map",GEL249,"7903.221974416369"
"250","anticline, overturned","anticline, overturned, concealed",Y,"-9",certain,certain,05.03.23,,DAS01,"changed from certain to concealed; modified to match printed map",GEL250,"933.131847696914"
"251","anticline, plunging","anticline, plunging, certain",N,"-9",certain,certain,05.10.05,,DAS01,modified to match printed map,GEL251,"1906.603273657619"
"252","anticline, plunging","anticline, plunging, certain",N,"-9",certain,certain,05.10.05,,DAS01,modified to match printed map,GEL252,"1546.944453512192"
"253","anticline, plunging","anticline, plunging, certain",N,"-9",certain,certain,05.10.05,,DAS01,modified to match printed map,GEL253,"1200.512698571753"
"254","anticline, plunging","anticline, plunging, certain",N,"-9",certain,certain,05.10.05,,DAS01,,GEL254,"1774.6354108167"
"255","anticline, plunging","anticline, plunging, certain",N,"-9",certain,certain,05.10.05,,DAS01,,GEL255,"2480.272581643005"
"256","anticline, plunging","anticline, plunging, certain",N,"-9",certain,certain,05.10.05,,DAS01,"merged multiple lines into one; modified to match printed map",GEL256,"2368.381997545065"
"257","anticline, plunging","anticline, plunging, certain",N,"-9",certain,certain,05.10.05,,DAS01,,GEL257,"2355.583404545878"
"258","anticline, plunging","anticline, plunging, certain",N,"-9",certain,certain,05.10.05,,DAS01,merged multiple lines into one,GEL258,"1726.103861243311"
"259","anticline, plunging","anticline, plunging, certain",N,"-9",certain,certain,05.10.05,,DAS01,merged multiple lines into one,GEL259,"2376.159058188675"
"260","anticline, plunging","anticline, plunging, certain",N,"-9",certain,certain,05.10.05,,DAS01,modified to match printed map,GEL260,"2709.441044848263"
"261","anticline, plunging","anticline, plunging, certain",N,"-9",certain,certain,05.10.05,,DAS01,"merged multiple lines into one; modified to match printed map",GEL261,"3886.521262387825"
"262","anticline, plunging","anticline, plunging, certain",N,"-9",certain,certain,05.10.05,,DAS01,modified to match printed map,GEL262,"1734.380975936721"
"263","anticline, plunging","anticline, plunging, certain",N,"-9",certain,certain,05.10.05,,DAS01,modified to match printed map,GEL263,"1312.270557126557"
"264","anticline, plunging","anticline, plunging, concealed",Y,"-9",certain,certain,05.10.05b,,DAS01,changed from certain to concealed to match printed map,GEL264,"1011.557897943925"
"265","anticline, plunging","anticline, plunging, concealed",Y,"-9",certain,certain,05.10.05b,,DAS01,"changed from certain to concealed; modified to match printed map",GEL265,"325.3891075783762"
"266",monocline,"monocline, certain",N,"-9",certain,certain,05.09.01,,DAS01,merged multiple lines into one and flipped line to match printed map,GEL266,"2105.729597457027"
"267",monocline,"monocline, certain",N,"-9",certain,certain,05.09.01,,DAS01,modified to match printed map,GEL267,"3362.531537291136"
"268",monocline,"monocline, certain",N,"-9",certain,certain,05.09.01,,DAS01,modified to match printed map,GEL268,"990.2007108796593"
"269",monocline,"monocline, concealed",Y,"-9",certain,certain,05.09.07,,DAS01,modified to match printed map,GEL269,"1234.938624127226"
"270",monocline,"monocline, concealed",Y,"-9",certain,certain,05.09.07,,DAS01,modified to match printed map,GEL270,"2022.354564526767"
"271",sills and dikes,"sills and dikes, andesite, basaltic andesite, and dacite, certain",N,"-9",certain,certain,01.03.01b,Ydi,DAS01,modified to match printed map,GEL271,"4060.987781389159"
"272",sills and dikes,"sills and dikes, andesite, basaltic andesite, and dacite, certain",N,"-9",certain,certain,01.03.01b,Ydi,DAS01,modified to match printed map,GEL272,"731.3991862584929"
"273",sills and dikes,"sills and dikes, andesite, basaltic andesite, and dacite, certain",N,"-9",certain,certain,01.03.01b,Ydi,DAS01,modified to match printed map,GEL273,"1268.881389390801"
"274",sills and dikes,"sills and dikes, andesite, basaltic andesite, and dacite, certain",N,"-9",certain,certain,01.03.01b,Ydi,DAS01,modified to match printed map,GEL274,"1118.756988387915"
"275",sills and dikes,"sills and dikes, andesite, basaltic andesite, and dacite, certain",N,"-9",certain,certain,01.03.01b,Ydi,DAS01,modified to match printed map,GEL275,"4528.610317491018"
"276",sills and dikes,"sills and dikes, andesite, basaltic andesite, and dacite, certain",N,"-9",certain,certain,01.03.01b,Ydi,DAS01,modified to match printed map,GEL276,"1239.765089985635"
"277",sills and dikes,"sills and dikes, andesite, basaltic andesite, and dacite, certain",N,"-9",certain,certain,01.03.01b,Ydi,DAS01,modified to match printed map,GEL277,"2154.500265059167"
"278",sills and dikes,"sills and dikes, andesite, basaltic andesite, and dacite, certain",N,"-9",certain,certain,01.03.01b,Ydi,DAS01,modified to match printed map,GEL278,"4291.753691702976"
"279",sills and dikes,"sills and dikes, andesite, basaltic andesite, and dacite, certain",N,"-9",certain,certain,01.03.01b,Ydi,DAS01,modified to match printed map,GEL279,"666.7159352735773"
"280",sills and dikes,"sills and dikes, andesite, basaltic andesite, and dacite, certain",N,"-9",certain,certain,01.03.01b,Ydi,DAS01,modified to match printed map,GEL280,"4122.23040027652"
"281",sills and dikes,"sills and dikes, andesite, basaltic andesite, and dacite, certain",N,"-9",certain,certain,01.03.01b,Ydi,DAS01,modified to match printed map,GEL281,"1441.945478414862"
"282",sills and dikes,"sills and dikes, andesite, basaltic andesite, and dacite, concealed",Y,"-9",certain,certain,01.03.02b,Ydi,DAS01,modified to match printed map,GEL282,"1405.510487403072"
"283",sills and dikes,"sills and dikes, andesite, basaltic andesite, and dacite, concealed",Y,"-9",certain,certain,01.03.02b,Ydi,DAS01,"merged multiple lines into one; modified to match printed map",GEL283,"1399.661959940733"
"284",sills and dikes,"sills and dikes, andesite, basaltic andesite, and dacite, concealed",Y,"-9",certain,certain,01.03.02b,Ydi,DAS01,modified to match printed map,GEL284,"4157.967727370362"
"285",sills and dikes,"sills and dikes, diorite, certain",N,"-9",certain,certain,01.03.03,Ks,DAS01,,GEL285,"4331.626606607809"
"286",sills and dikes,"sills and dikes, diorite, certain",N,"-9",certain,certain,01.03.03,Ks,DAS01,merged multiple lines into one,GEL286,"3232.419029039991"
"287",sills and dikes,"sills and dikes, diorite, certain",N,"-9",certain,certain,01.03.03,Ks,DAS01,,GEL287,"2825.09027144778"
"288",sills and dikes,"sills and dikes, hornblende monzonite, certain",N,"-9",certain,certain,01.03.07,Tm,DAS01,"merged multiple lines into one; modified to match printed map",GEL288,"2433.522548570592"
"289",sills and dikes,"sills and dikes, hornblende monzonite, certain",N,"-9",certain,certain,01.03.07,Tm,DAS01,"merged multiple lines into one; modified to match printed map",GEL289,"5859.726529825934"
"290",sills and dikes,"sills and dikes, hornblende monzonite, certain",N,"-9",certain,certain,01.03.07,Tm,DAS01,modified to match printed map,GEL290,"1680.341751201461"
"291",sills and dikes,"sills and dikes, hornblende monzonite, certain",N,"-9",certain,certain,01.03.07,Tm,DAS01,merged multiple lines into one,GEL291,"2459.367818750346"
"292",sills and dikes,"sills and dikes, hornblende monzonite, certain",N,"-9",certain,certain,01.03.07,Tm,DAS01,"merged multiple lines into one; modified to match printed map",GEL292,"1431.922946707865"
"293",sills and dikes,"sills and dikes, hornblende monzonite, certain",N,"-9",certain,certain,01.03.07,Tm,DAS01,merged multiple lines into one,GEL293,"2528.728720013647"
"294",sills and dikes,"sills and dikes, hornblende monzonite, certain",N,"-9",certain,certain,01.03.07,Tm,DAS01,modified to match printed map,GEL294,"1175.815677518414"
"295",sills and dikes,"sills and dikes, hornblende monzonite, certain",N,"-9",certain,certain,01.03.07,Tm,DAS01,"merged multiple lines into one; modified to match printed map",GEL295,"3054.073321126745"
"296",sills and dikes,"sills and dikes, hornblende monzonite, certain",N,"-9",certain,certain,01.03.07,Tm,DAS01,"merged multiple lines into one; modified to match printed map",GEL296,"5208.561435580128"
"297",sills and dikes,"sills and dikes, hornblende monzonite, certain",N,"-9",certain,certain,01.03.07,Tm,DAS01,modified to match printed map,GEL297,"1492.953361266918"
"298",sills and dikes,"sills and dikes, hornblende monzonite, certain",N,"-9",certain,certain,01.03.07,Tm,DAS01,merged multiple lines into one,GEL298,"2491.602539966689"
"299",sills and dikes,"sills and dikes, hornblende monzonite, certain",N,"-9",certain,certain,01.03.07,Tm,DAS01,modified to match printed map,GEL299,"2736.637237946554"
"300",sills and dikes,"sills and dikes, hornblende monzonite, certain",N,"-9",certain,certain,01.03.07,Tm,DAS01,"merged multiple lines into one; modified to match printed map",GEL300,"4081.673533024554"
"301",sills and dikes,"sills and dikes, hornblende monzonite, certain",N,"-9",certain,certain,01.03.07,Tm,DAS01,"merged multiple lines into one; modified to match printed map",GEL301,"3356.165182153918"
"302",sills and dikes,"sills and dikes, monzonite porphyry, certain",N,"-9",certain,certain,01.03.01,Tmp,DAS01,merged multiple lines into one,GEL302,"974.7599760381834"
"303",sills and dikes,"sills and dikes, monzonite porphyry, certain",N,"-9",certain,certain,01.03.01,Tmp,DAS01,,GEL303,"369.6090986291279"
"304",sills and dikes,"sills and dikes, monzonite porphyry, certain",N,"-9",certain,certain,01.03.01,Tmp,DAS01,modified to match printed map,GEL304,"2233.604372388514"
"305",sills and dikes,"sills and dikes, monzonite porphyry, certain",N,"-9",certain,certain,01.03.01,Tmp,DAS01,modified to match printed map,GEL305,"8253.372491919292"
"306",sills and dikes,"sills and dikes, monzonite porphyry, certain",N,"-9",certain,certain,01.03.01,Tmp,DAS01,,GEL306,"1017.467931198954"
"307",sills and dikes,"sills and dikes, monzonite porphyry, certain",N,"-9",certain,certain,01.03.01,Tmp,DAS01,modified to match printed map,GEL307,"6219.319938299234"
"308",sills and dikes,"sills and dikes, monzonite porphyry, certain",N,"-9",certain,certain,01.03.01,Tmp,DAS01,merged multiple lines into one,GEL308,"1047.041795529721"
"309",sills and dikes,"sills and dikes, monzonite porphyry, certain",N,"-9",certain,certain,01.03.01,Tmp,DAS01,,GEL309,"759.2135264065092"
"310",sills and dikes,"sills and dikes, monzonite porphyry, certain",N,"-9",certain,certain,01.03.01,Tmp,DAS01,modified to match printed map,GEL310,"717.6544637971294"
"311",sills and dikes,"sills and dikes, monzonite porphyry, certain",N,"-9",certain,certain,01.03.01,Tmp,DAS01,modified to match printed map,GEL311,"4206.414831398432"
"312",syncline,"syncline, certain",N,"-9",certain,certain,05.05.01,,DAS01,,GEL312,"6117.457650703609"
"313",syncline,"syncline, certain",N,"-9",certain,certain,05.05.01,,DAS01,,GEL313,"2076.462333200458"
"314",syncline,"syncline, certain",N,"-9",certain,certain,05.05.01,,DAS01,,GEL314,"219.2069424954664"
"315",syncline,"syncline, certain",N,"-9",certain,certain,05.05.01,,DAS01,merged multiple lines into one,GEL315,"1385.899849309468"
"316",syncline,"syncline, certain",N,"-9",certain,certain,05.05.01,,DAS01,"merged multiple lines into one; modified to match printed map",GEL316,"937.5215141080403"
"317",syncline,"syncline, certain",N,"-9",certain,certain,05.05.01,,DAS01,,GEL317,"2864.694529003419"
"318",syncline,"syncline, certain",N,"-9",certain,certain,05.05.01,,DAS01,merged multiple lines into one,GEL318,"436.2450448796006"
"319",syncline,"syncline, certain",N,"-9",certain,certain,05.05.01,,DAS01,modified to match printed map,GEL319,"241.0149955009316"
"320",syncline,"syncline, certain",N,"-9",certain,certain,05.05.01,,DAS01,,GEL320,"885.6973526457552"
"321",syncline,"syncline, certain",N,"-9",certain,certain,05.05.01,,DAS02,added line to match printed map,GEL321,"1128.470003341783"
"322",syncline,"syncline, certain",N,"-9",certain,certain,05.05.01,,DAS01,,GEL322,"1750.817213860984"
"323",syncline,"syncline, certain",N,"-9",certain,certain,05.05.01,,DAS01,,GEL323,"747.7862669597598"
"324",syncline,"syncline, certain",N,"-9",certain,certain,05.05.01,,DAS01,merged multiple lines into one,GEL324,"4495.992799657521"
"325",syncline,"syncline, certain",N,"-9",certain,certain,05.05.01,,DAS01,modified to match printed map,GEL325,"1143.267915395444"
"326",syncline,"syncline, certain",N,"-9",certain,certain,05.05.01,,DAS01,modified to match printed map,GEL326,"180.9578732681424"
"327",syncline,"syncline, certain",N,"-9",certain,certain,05.05.01,,DAS01,merged multiple lines into one,GEL327,"2722.767138137905"
"328",syncline,"syncline, certain",N,"-9",certain,certain,05.05.01,,DAS01,,GEL328,"2814.436631448918"
"329",syncline,"syncline, certain",N,"-9",certain,certain,05.05.01,,DAS01,modified to match printed map,GEL329,"849.7309587098471"
"330",syncline,"syncline, certain",N,"-9",certain,certain,05.05.01,,DAS01,,GEL330,"1080.469097192695"
"331",syncline,"syncline, certain",N,"-9",certain,certain,05.05.01,,DAS01,merged multiple lines into one,GEL331,"7616.577061999736"
"332",syncline,"syncline, certain",N,"-9",certain,certain,05.05.01,,DAS01,,GEL332,"2792.870888039497"
"333",syncline,"syncline, certain",N,"-9",certain,certain,05.05.01,,DAS01,,GEL333,"3109.582228676521"
"334",syncline,"syncline, certain",N,"-9",certain,certain,05.05.01,,DAS01,,GEL334,"3003.931904962856"
"335",syncline,"syncline, certain",N,"-9",certain,certain,05.05.01,,DAS01,merged multiple lines into one,GEL335,"16881.41344302728"
"336",syncline,"syncline, certain",N,"-9",certain,certain,05.05.01,,DAS01,merged multiple lines into one,GEL336,"531.190649880871"
"337",syncline,"syncline, certain",N,"-9",certain,certain,05.05.01,,DAS01,merged multiple lines into one,GEL337,"3584.286978280205"
"338",syncline,"syncline, certain",N,"-9",certain,certain,05.05.01,,DAS01,,GEL338,"1036.181491709029"
"339",syncline,"syncline, certain",N,"-9",certain,certain,05.05.01,,DAS01,,GEL339,"1484.587739530617"
"340",syncline,"syncline, certain",N,"-9",certain,certain,05.05.01,,DAS01,,GEL340,"471.0894729934029"
"341",syncline,"syncline, certain",N,"-9",certain,certain,05.05.01,,DAS01,modified to match printed map,GEL341,"338.2979359294568"
"342",syncline,"syncline, certain",N,"-9",certain,certain,05.05.01,,DAS02,added line to match printed map,GEL342,"713.4939103760374"
"343",syncline,"syncline, certain",N,"-9",certain,certain,05.05.01,,DAS01,,GEL343,"2986.267581840444"
"344",syncline,"syncline, certain",N,"-9",certain,certain,05.05.01,,DAS01,merged multiple lines into one,GEL344,"940.0149928871436"
"345",syncline,"syncline, certain",N,"-9",certain,certain,05.05.01,,DAS01,merged multiple lines into one,GEL345,"5494.610096496754"
"346",syncline,"syncline, certain",N,"-9",certain,certain,05.05.01,,DAS01,merged multiple lines into one,GEL346,"820.9955984001481"
"347",syncline,"syncline, certain",N,"-9",certain,certain,05.05.01,,DAS01,,GEL347,"940.6049942593398"
"348",syncline,"syncline, certain",N,"-9",certain,certain,05.05.01,,DAS01,modified to match printed map,GEL348,"5902.660099813165"
"349",syncline,"syncline, certain",N,"-9",certain,certain,05.05.01,,DAS01,modified to match printed map,GEL349,"1371.87214665429"
"350",syncline,"syncline, certain",N,"-9",certain,certain,05.05.01,,DAS01,merged multiple lines into one,GEL350,"3451.546817500041"
"351",syncline,"syncline, certain",N,"-9",certain,certain,05.05.01,,DAS01,,GEL351,"5174.793179028387"
"352",syncline,"syncline, certain",N,"-9",certain,certain,05.05.01,,DAS01,,GEL352,"1696.875827927122"
"353",syncline,"syncline, certain",N,"-9",certain,certain,05.05.01,,DAS01,,GEL353,"1050.187208160065"
"354",syncline,"syncline, certain",N,"-9",certain,certain,05.05.01,,DAS01,,GEL354,"941.1349107117738"
"355",syncline,"syncline, certain",N,"-9",certain,certain,05.05.01,,DAS01,,GEL355,"7269.952471334137"
"356",syncline,"syncline, certain",N,"-9",certain,certain,05.05.01,,DAS01,merged multiple lines into one,GEL356,"2205.828169780717"
"357",syncline,"syncline, certain",N,"-9",certain,certain,05.05.01,,DAS01,modified to match printed map,GEL357,"2683.146804304286"
"358",syncline,"syncline, certain",N,"-9",certain,certain,05.05.01,,DAS02,added line to match printed map,GEL358,"1351.092603957873"
"359",syncline,"syncline, certain",N,"-9",certain,certain,05.05.01,,DAS01,"merged multiple lines into one; modified to match printed map",GEL359,"586.4099261700825"
"360",syncline,"syncline, certain",N,"-9",certain,certain,05.05.01,,DAS01,merged multiple lines into one,GEL360,"4861.374238673853"
"361",syncline,"syncline, certain",N,"-9",certain,certain,05.05.01,,DAS01,modified to match printed map,GEL361,"2403.978505778171"
"362",syncline,"syncline, certain",N,"-9",certain,certain,05.05.01,,DAS01,,GEL362,"575.3623688319952"
"363",syncline,"syncline, certain",N,"-9",certain,certain,05.05.01,,DAS01,,GEL363,"1863.868982841785"
"364",syncline,"syncline, certain",N,"-9",certain,certain,05.05.01,,DAS01,"merged multiple lines into one; modified to match printed map",GEL364,"2426.909664697169"
"365",syncline,"syncline, certain",N,"-9",certain,certain,05.05.01,,DAS01,,GEL365,"2058.00875419044"
"366",syncline,"syncline, certain",N,"-9",certain,certain,05.05.01,,DAS01,,GEL366,"665.2181102226616"
"367",syncline,"syncline, certain",N,"-9",certain,certain,05.05.01,,DAS01,merged multiple lines into one,GEL367,"4280.849207708603"
"368",syncline,"syncline, certain",N,"-9",certain,certain,05.05.01,,DAS01,"merged multiple lines into one; modified to match printed map",GEL368,"3395.925131303712"
"369",syncline,"syncline, certain",N,"-9",certain,certain,05.05.01,,DAS01,modified to match printed map,GEL369,"2731.175879935171"
"370",syncline,"syncline, certain",N,"-9",certain,certain,05.05.01,,DAS01,,GEL370,"459.7890849202453"
"371",syncline,"syncline, certain",N,"-9",certain,certain,05.05.01,,DAS01,,GEL371,"2249.154063705891"
"372",syncline,"syncline, certain",N,"-9",certain,certain,05.05.01,,DAS01,merged multiple lines into one,GEL372,"4124.600768282467"
"373",syncline,"syncline, certain",N,"-9",certain,certain,05.05.01,,DAS01,,GEL373,"11968.10175272719"
"374",syncline,"syncline, certain",N,"-9",certain,certain,05.05.01,,DAS01,,GEL374,"734.8137138235322"
"375",syncline,"syncline, certain",N,"-9",certain,certain,05.05.01,,DAS01,modified to match printed map,GEL375,"915.3982541163909"
"376",syncline,"syncline, certain",N,"-9",certain,certain,05.05.01,,DAS01,,GEL376,"1653.215474592048"
"377",syncline,"syncline, certain",N,"-9",certain,certain,05.05.01,,DAS01,merged multiple lines into one,GEL377,"3394.362732231566"
"378",syncline,"syncline, certain",N,"-9",certain,certain,05.05.01,,DAS01,"merged multiple lines into one; modified to match printed map",GEL378,"9721.794044925891"
"379",syncline,"syncline, certain",N,"-9",certain,certain,05.05.01,,DAS01,"merged multiple lines into one; modified to match printed map",GEL379,"1620.48091114685"
"380",syncline,"syncline, certain",N,"-9",certain,certain,05.05.01,,DAS01,,GEL380,"2082.324009167233"
"381",syncline,"syncline, certain",N,"-9",certain,certain,05.05.01,,DAS01,,GEL381,"5554.992026018669"
"382",syncline,"syncline, certain",N,"-9",certain,certain,05.05.01,,DAS01,modified to match printed map,GEL382,"4764.139116739335"
"383",syncline,"syncline, certain",N,"-9",certain,certain,05.05.01,,DAS01,,GEL383,"1729.250899004275"
"384",syncline,"syncline, certain",N,"-9",certain,certain,05.05.01,,DAS01,,GEL384,"658.2428906979321"
"385",syncline,"syncline, certain",N,"-9",certain,certain,05.05.01,,DAS01,"merged multiple lines into one; modified to match printed map",GEL385,"2737.087569535131"
"386",syncline,"syncline, certain",N,"-9",certain,certain,05.05.01,,DAS01,merged multiple lines into one,GEL386,"2666.586413211428"
"387",syncline,"syncline, certain",N,"-9",certain,certain,05.05.01,,DAS01,,GEL387,"835.315804521494"
"388",syncline,"syncline, certain",N,"-9",certain,certain,05.05.01,,DAS01,merged multiple lines into one,GEL388,"2557.346810520815"
"389",syncline,"syncline, certain",N,"-9",certain,certain,05.05.01,,DAS01,,GEL389,"2328.935149536384"
"390",syncline,"syncline, certain",N,"-9",certain,certain,05.05.01,,DAS01,"merged multiple lines into one; modified to match printed map",GEL390,"1015.514695066891"
"391",syncline,"syncline, certain",N,"-9",certain,certain,05.05.01,,DAS01,merged multiple lines into one,GEL391,"14459.24238207868"
"392",syncline,"syncline, certain",N,"-9",certain,certain,05.05.01,,DAS01,,GEL392,"68.47050874338234"
"393",syncline,"syncline, certain",N,"-9",certain,certain,05.05.01,,DAS01,merged multiple lines into one,GEL393,"19790.59389531138"
"394",syncline,"syncline, certain",N,"-9",certain,certain,05.05.01,,DAS01,,GEL394,"1502.149439848092"
"395",syncline,"syncline, certain",N,"-9",certain,certain,05.05.01,,DAS01,modified to match printed map,GEL395,"2430.671787650401"
"396",syncline,"syncline, certain",N,"-9",certain,certain,05.05.01,,DAS01,,GEL396,"1321.400942596873"
"397",syncline,"syncline, certain",N,"-9",certain,certain,05.05.01,,DAS01,,GEL397,"3498.869176498375"
"398",syncline,"syncline, certain",N,"-9",certain,certain,05.05.01,,DAS01,,GEL398,"1473.21622922252"
"399",syncline,"syncline, certain",N,"-9",certain,certain,05.05.01,,DAS01,merged multiple lines into one,GEL399,"8791.219885590455"
"400",syncline,"syncline, certain",N,"-9",certain,certain,05.05.01,,DAS01,modified to match printed map,GEL400,"2701.47607356848"
"401",syncline,"syncline, certain",N,"-9",certain,certain,05.05.01,,DAS01,merged multiple lines into one,GEL401,"4471.05432800088"
"402",syncline,"syncline, certain",N,"-9",certain,certain,05.05.01,,DAS01,modified to match printed map,GEL402,"733.0882707711206"
"403",syncline,"syncline, certain",N,"-9",certain,certain,05.05.01,,DAS01,merged multiple lines into one,GEL403,"4055.675873869307"
"404",syncline,"syncline, certain",N,"-9",certain,certain,05.05.01,,DAS01,merged multiple lines into one,GEL404,"5500.820677085729"
"405",syncline,"syncline, certain",N,"-9",certain,certain,05.05.01,,DAS01,merged multiple lines into one,GEL405,"738.0554072310541"
"406",syncline,"syncline, certain",N,"-9",certain,certain,05.05.01,,DAS01,modified to match printed map,GEL406,"1876.754523367733"
"407",syncline,"syncline, certain",N,"-9",certain,certain,05.05.01,,DAS01,merged multiple lines into one,GEL407,"1696.065912726951"
"408",syncline,"syncline, certain",N,"-9",certain,certain,05.05.01,,DAS01,modified to match printed map,GEL408,"1262.086761685916"
"409",syncline,"syncline, certain",N,"-9",certain,certain,05.05.01,,DAS01,,GEL409,"698.6013287651256"
"410",syncline,"syncline, certain",N,"-9",certain,certain,05.05.01,,DAS01,,GEL410,"2614.562079525775"
"411",syncline,"syncline, certain",N,"-9",certain,certain,05.05.01,,DAS01,merged multiple lines into one,GEL411,"10556.12451982495"
"412",syncline,"syncline, certain",N,"-9",certain,certain,05.05.01,,DAS01,,GEL412,"6161.383216054643"
"413",syncline,"syncline, certain",N,"-9",certain,certain,05.05.01,,DAS01,merged multiple lines into one,GEL413,"3540.696585391484"
"414",syncline,"syncline, certain",N,"-9",certain,certain,05.05.01,,DAS01,merged multiple lines into one,GEL414,"208.0881633946183"
"415",syncline,"syncline, certain",N,"-9",certain,certain,05.05.01,,DAS01,merged multiple lines into one,GEL415,"1512.707270790162"
"416",syncline,"syncline, certain",N,"-9",certain,certain,05.05.01,,DAS01,merged multiple lines into one,GEL416,"11127.67014247795"
"417",syncline,"syncline, certain",N,"-9",certain,certain,05.05.01,,DAS01,,GEL417,"392.3851433557377"
"418",syncline,"syncline, certain",N,"-9",certain,certain,05.05.01,,DAS01,modified to match printed map,GEL418,"1977.186870460312"
"419",syncline,"syncline, certain",N,"-9",certain,certain,05.05.01,,DAS01,merged multiple lines into one,GEL419,"1157.494291920397"
"420",syncline,"syncline, certain",N,"-9",certain,certain,05.05.01,,DAS01,merged multiple lines into one,GEL420,"2366.527574077146"
"421",syncline,"syncline, certain",N,"-9",certain,certain,05.05.01,,DAS01,,GEL421,"1425.390982605288"
"422",syncline,"syncline, certain",N,"-9",certain,certain,05.05.01,,DAS01,modified to match printed map,GEL422,"1268.541020383287"
"423",syncline,"syncline, certain",N,"-9",certain,certain,05.05.01,,DAS01,,GEL423,"842.9608969906878"
"424",syncline,"syncline, certain",N,"-9",certain,certain,05.05.01,,DAS01,,GEL424,"2116.416301507248"
"425",syncline,"syncline, certain",N,"-9",certain,certain,05.05.01,,DAS01,,GEL425,"1324.787158848495"
"426",syncline,"syncline, certain",N,"-9",certain,certain,05.05.01,,DAS01,,GEL426,"1115.671025326682"
"427",syncline,"syncline, certain",N,"-9",certain,certain,05.05.01,,DAS01,,GEL427,"904.916625081118"
"428",syncline,"syncline, certain",N,"-9",certain,certain,05.05.01,,DAS01,,GEL428,"1945.395002374814"
"429",syncline,"syncline, certain",N,"-9",certain,certain,05.05.01,,DAS01,,GEL429,"4210.644402974958"
"430",syncline,"syncline, certain",N,"-9",certain,certain,05.05.01,,DAS01,modified to match printed map,GEL430,"2138.400125087644"
"431",syncline,"syncline, certain",N,"-9",certain,certain,05.05.01,,DAS01,,GEL431,"4722.624902957056"
"432",syncline,"syncline, certain",N,"-9",certain,certain,05.05.01,,DAS01,,GEL432,"940.4228076867173"
"433",syncline,"syncline, certain",N,"-9",certain,certain,05.05.01,,DAS01,,GEL433,"1498.278827124498"
"434",syncline,"syncline, certain",N,"-9",certain,certain,05.05.01,,DAS01,,GEL434,"1994.595620262339"
"435",syncline,"syncline, certain",N,"-9",certain,certain,05.05.01,,DAS01,merged multiple lines into one,GEL435,"2389.277415388965"
"436",syncline,"syncline, certain",N,"-9",certain,certain,05.05.01,,DAS01,merged multiple lines into one,GEL436,"225.026080129297"
"437",syncline,"syncline, certain",N,"-9",certain,certain,05.05.01,,DAS01,,GEL437,"948.1761476849852"
"438",syncline,"syncline, certain",N,"-9",certain,certain,05.05.01,,DAS01,merged multiple lines into one,GEL438,"26625.44773380682"
"439",syncline,"syncline, certain",N,"-9",certain,certain,05.05.01,,DAS01,,GEL439,"676.4777636501517"
"440",syncline,"syncline, certain",N,"-9",certain,certain,05.05.01,,DAS01,merged multiple lines into one,GEL440,"16403.37947869048"
"441",syncline,"syncline, certain",N,"-9",certain,certain,05.05.01,,DAS01,,GEL441,"5338.669848236264"
"442",syncline,"syncline, certain",N,"-9",certain,certain,05.05.01,,DAS01,modified to match printed map,GEL442,"2334.990886246444"
"443",syncline,"syncline, certain",N,"-9",certain,certain,05.05.01,,DAS01,"merged multiple lines into one; modified to match printed map",GEL443,"6542.021549650492"
"444",syncline,"syncline, certain",N,"-9",certain,certain,05.05.01,,DAS01,"merged multiple lines into one; modified to match printed map",GEL444,"9896.613822795247"
"445",syncline,"syncline, certain",N,"-9",certain,certain,05.05.01,,DAS01,,GEL445,"948.6038684257131"
"446",syncline,"syncline, certain",N,"-9",certain,certain,05.05.01,,DAS01,modified to match printed map,GEL446,"6700.878049043354"
"447",syncline,"syncline, certain",N,"-9",certain,certain,05.05.01,,DAS01,merged multiple lines into one,GEL447,"3409.052249615935"
"448",syncline,"syncline, certain",N,"-9",certain,certain,05.05.01,,DAS01,,GEL448,"2666.204384664883"
"449",syncline,"syncline, certain",N,"-9",certain,certain,05.05.01,,DAS01,merged multiple lines into one,GEL449,"5137.506604722291"
"450",syncline,"syncline, certain",N,"-9",certain,certain,05.05.01,,DAS01,modified to match printed map,GEL450,"1467.291826661487"
"451",syncline,"syncline, certain",N,"-9",certain,certain,05.05.01,,DAS01,,GEL451,"521.3717394834175"
"452",syncline,"syncline, certain",N,"-9",certain,certain,05.05.01,,DAS01,,GEL452,"4749.070082417236"
"453",syncline,"syncline, certain",N,"-9",certain,certain,05.05.01,,DAS01,,GEL453,"1617.669049425479"
"454",syncline,"syncline, certain",N,"-9",certain,certain,05.05.01,,DAS01,,GEL454,"2199.064428894818"
"455",syncline,"syncline, certain",N,"-9",certain,certain,05.05.01,,DAS01,,GEL455,"1251.522125328624"
"456",syncline,"syncline, certain",N,"-9",certain,certain,05.05.01,,DAS01,,GEL456,"1604.143110488881"
"457",syncline,"syncline, certain",N,"-9",certain,certain,05.05.01,,DAS01,merged multiple lines into one,GEL457,"1415.888515655668"
"458",syncline,"syncline, certain",N,"-9",certain,certain,05.05.01,,DAS01,merged multiple lines into one,GEL458,"1161.832255084958"
"459",syncline,"syncline, certain",N,"-9",certain,certain,05.05.01,,DAS01,"merged multiple lines into one; modified to match printed map",GEL459,"6202.448836188109"
"460",syncline,"syncline, certain",N,"-9",certain,certain,05.05.01,,DAS01,,GEL460,"933.2759356564035"
"461",syncline,"syncline, certain",N,"-9",certain,certain,05.05.01,,DAS01,,GEL461,"2476.666218470892"
"462",syncline,"syncline, certain",N,"-9",certain,certain,05.05.01,,DAS01,merged multiple lines into one,GEL462,"960.0682701149144"
"463",syncline,"syncline, certain",N,"-9",certain,certain,05.05.01,,DAS01,"merged multiple lines into one; modified to match printed map",GEL463,"5895.300045160095"
"464",syncline,"syncline, certain",N,"-9",certain,certain,05.05.01,,DAS01,merged multiple lines into one,GEL464,"5941.799298559967"
"465",syncline,"syncline, certain",N,"-9",certain,certain,05.05.01,,DAS01,merged multiple lines into one,GEL465,"285.996422111054"
"466",syncline,"syncline, certain",N,"-9",certain,certain,05.05.01,,DAS01,,GEL466,"2512.785145859753"
"467",syncline,"syncline, certain",N,"-9",certain,certain,05.05.01,,DAS01,"merged multiple lines into one; modified to match printed map",GEL467,"5412.078942961713"
"468",syncline,"syncline, certain",N,"-9",certain,certain,05.05.01,,DAS01,modified to match printed map,GEL468,"3657.403572163318"
"469",syncline,"syncline, certain",N,"-9",certain,certain,05.05.01,,DAS01,merged multiple lines into one,GEL469,"6389.217412287487"
"470",syncline,"syncline, certain",N,"-9",certain,certain,05.05.01,,DAS01,merged multiple lines into one,GEL470,"10688.45851219955"
"471",syncline,"syncline, certain",N,"-9",certain,certain,05.05.01,,DAS01,,GEL471,"243.3825247679812"
"472",syncline,"syncline, certain",N,"-9",certain,certain,05.05.01,,DAS01,,GEL472,"908.679183563226"
"473",syncline,"syncline, certain",N,"-9",certain,certain,05.05.01,,DAS01,,GEL473,"3632.398129742208"
"474",syncline,"syncline, certain",N,"-9",certain,certain,05.05.01,,DAS01,,GEL474,"2314.384185904734"
"475",syncline,"syncline, certain",N,"-9",certain,certain,05.05.01,,DAS01,,GEL475,"246.4231047150543"
"476",syncline,"syncline, certain",N,"-9",certain,certain,05.05.01,,DAS01,merged multiple lines into one,GEL476,"1200.060921322123"
"477",syncline,"syncline, certain",N,"-9",certain,certain,05.05.01,,DAS01,,GEL477,"642.6094499766793"
"478",syncline,"syncline, certain",N,"-9",certain,certain,05.05.01,,DAS01,,GEL478,"3669.063330439445"
"479",syncline,"syncline, certain",N,"-9",certain,certain,05.05.01,,DAS01,,GEL479,"4085.696449994305"
"480",syncline,"syncline, certain",N,"-9",certain,certain,05.05.01,,DAS01,modified to match printed map,GEL480,"1137.07473832223"
"481",syncline,"syncline, certain",N,"-9",certain,certain,05.05.01,,DAS01,,GEL481,"677.9849024483897"
"482",syncline,"syncline, certain",N,"-9",certain,certain,05.05.01,,DAS01,,GEL482,"1625.032555218979"
"483",anticline,"syncline, concealed",Y,"-9",certain,certain,05.05.07,,DAS01,changed from certain to concealed to match printed map,GEL483,"836.0980338407666"
"484",anticline,"syncline, concealed",Y,"-9",certain,certain,05.05.07,,DAS01,changed from certain to concealed to match printed map,GEL484,"656.8941255314593"
"485",anticline,"syncline, concealed",Y,"-9",certain,certain,05.05.07,,DAS01,changed from certain to concealed to match printed map,GEL485,"1079.230181211493"
"486",anticline,"syncline, concealed",Y,"-9",certain,certain,05.05.07,,DAS01,changed from certain to concealed to match printed map,GEL486,"674.092628722629"
"487",syncline,"syncline, concealed",Y,"-9",certain,certain,05.05.07,,DAS01,modified to match printed map,GEL487,"1196.30764864086"
"488",syncline,"syncline, concealed",Y,"-9",certain,certain,05.05.07,,DAS01,,GEL488,"530.4012806387335"
"489",syncline,"syncline, concealed",Y,"-9",certain,certain,05.05.07,,DAS01,modified to match printed map,GEL489,"697.7154159352903"
"490",syncline,"syncline, concealed",Y,"-9",certain,certain,05.05.07,,DAS01,,GEL490,"1255.759169100075"
"491",syncline,"syncline, concealed",Y,"-9",certain,certain,05.05.07,,DAS02,added line to match printed map,GEL491,"1080.143453354574"
"492",syncline,"syncline, concealed",Y,"-9",certain,certain,05.05.07,,DAS01,,GEL492,"870.8177715503971"
"493",syncline,"syncline, concealed",Y,"-9",certain,certain,05.05.07,,DAS01,modified to match printed map,GEL493,"246.5700610444291"
"494",syncline,"syncline, concealed",Y,"-9",certain,certain,05.05.07,,DAS01,,GEL494,"703.2893658561752"
"495",syncline,"syncline, concealed",Y,"-9",certain,certain,05.05.07,,DAS01,merged multiple lines into one,GEL495,"25302.01758004343"
"496",syncline,"syncline, concealed",Y,"-9",certain,certain,05.05.07,,DAS01,,GEL496,"1270.068252564036"
"497",syncline,"syncline, concealed",Y,"-9",certain,certain,05.05.07,,DAS01,modified to match printed map,GEL497,"175.7513839417908"
"498",syncline,"syncline, concealed",Y,"-9",certain,certain,05.01.07,,DAS02,added line to match printed map,GEL498,"476.2173843981174"
"499",syncline,"syncline, concealed",Y,"-9",certain,certain,05.05.07,,DAS01,,GEL499,"404.7608815444005"
"500",syncline,"syncline, concealed",Y,"-9",certain,certain,05.05.07,,DAS01,,GEL500,"269.4644392535923"
"501",syncline,"syncline, concealed",Y,"-9",certain,certain,05.05.07,,DAS01,modified to match printed map,GEL501,"157.7541838558285"
"502",syncline,"syncline, concealed",Y,"-9",certain,certain,05.05.07,,DAS01,,GEL502,"574.0185168247208"
"503",syncline,"syncline, concealed",Y,"-9",certain,certain,05.05.07,,DAS01,,GEL503,"971.6124256089724"
"504",syncline,"syncline, concealed",Y,"-9",certain,certain,05.05.07,,DAS01,,GEL504,"1491.336857001718"
"505",syncline,"syncline, concealed",Y,"-9",certain,certain,05.05.07,,DAS01,"merged multiple lines into one; modified to match printed map",GEL505,"5054.007995693842"
"506",syncline,"syncline, concealed",Y,"-9",certain,certain,05.05.07,,DAS01,,GEL506,"1069.778497940001"
"507",syncline,"syncline, concealed",Y,"-9",certain,certain,05.05.07,,DAS01,,GEL507,"872.0268890099244"
"508",syncline,"syncline, concealed",Y,"-9",certain,certain,05.05.07,,DAS01,,GEL508,"1076.26019576763"
"509",syncline,"syncline, concealed",Y,"-9",certain,certain,05.05.07,,DAS01,,GEL509,"2687.767312966241"
"510",syncline,"syncline, concealed",Y,"-9",certain,certain,05.05.07,,DAS01,merged multiple lines into one,GEL510,"976.2801015425071"
"511",syncline,"syncline, concealed",Y,"-9",certain,certain,05.05.07,,DAS01,,GEL511,"540.0611458480464"
"512",syncline,"syncline, concealed",Y,"-9",certain,certain,05.05.07,,DAS01,,GEL512,"2208.615408149829"
"513",syncline,"syncline, concealed",Y,"-9",certain,certain,05.05.07,,DAS01,,GEL513,"286.7860766344056"
"514",syncline,"syncline, concealed",Y,"-9",certain,certain,05.05.07,,DAS01,,GEL514,"898.9068529323042"
"515",syncline,"syncline, concealed",Y,"-9",certain,certain,05.05.07,,DAS01,,GEL515,"2465.253752143577"
"516",syncline,"syncline, concealed",Y,"-9",certain,certain,05.01.07,,DAS02,added line to match printed map,GEL516,"1214.679251090554"
"517",syncline,"syncline, concealed",Y,"-9",certain,certain,05.05.07,,DAS01,,GEL517,"896.8241418768262"
"518",syncline,"syncline, concealed",Y,"-9",certain,certain,05.05.07,,DAS01,,GEL518,"332.8682330723885"
"519",syncline,"syncline, concealed",Y,"-9",certain,certain,05.05.07,,DAS01,merged multiple lines into one,GEL519,"925.9151087809823"
"520",syncline,"syncline, concealed",Y,"-9",certain,certain,05.05.07,,DAS01,,GEL520,"636.3490798960438"
"521",syncline,"syncline, concealed",Y,"-9",certain,certain,05.05.07,,DAS01,,GEL521,"2680.875580556209"
"522",syncline,"syncline, concealed",Y,"-9",certain,certain,05.05.07,,DAS01,,GEL522,"1152.240720282615"
"523",syncline,"syncline, concealed",Y,"-9",certain,certain,05.05.07,,DAS01,modified to match printed map,GEL523,"276.0766886433216"
"524",syncline,"syncline, concealed",Y,"-9",certain,certain,05.05.07,,DAS01,,GEL524,"11517.14119694614"
"525",syncline,"syncline, concealed",Y,"-9",certain,certain,05.05.07,,DAS01,,GEL525,"891.8808721035984"
"526",syncline,"syncline, concealed",Y,"-9",certain,certain,05.05.07,,DAS01,,GEL526,"971.9905339181112"
"527",syncline,"syncline, concealed",Y,"-9",certain,certain,05.05.07,,DAS01,modified to match printed map,GEL527,"160.0969747623401"
"528",syncline,"syncline, concealed",Y,"-9",certain,certain,05.05.07,,DAS01,modified to match printed map,GEL528,"828.8409677785698"
"529",syncline,"syncline, concealed",Y,"-9",certain,certain,05.05.07,,DAS01,,GEL529,"2749.344507986694"
"530",syncline,"syncline, concealed",Y,"-9",certain,certain,05.05.07,,DAS01,,GEL530,"2971.731050889071"
"531",syncline,"syncline, concealed",Y,"-9",certain,certain,05.05.07,,DAS01,,GEL531,"1695.643615950748"
"532",syncline,"syncline, concealed",Y,"-9",certain,certain,05.05.07,,DAS01,,GEL532,"496.7313786199434"
"533",syncline,"syncline, concealed",Y,"-9",certain,certain,05.05.07,,DAS01,merged multiple lines into one,GEL533,"1278.238560467845"
"534",syncline,"syncline, concealed",Y,"-9",certain,certain,05.05.07,,DAS01,,GEL534,"709.8310742329697"
"535",syncline,"syncline, concealed",Y,"-9",certain,certain,05.05.07,,DAS01,modified to match printed map,GEL535,"1724.056774554947"
"536",syncline,"syncline, concealed",Y,"-9",certain,certain,05.05.07,,DAS01,modified to match printed map,GEL536,"250.6824320486303"
"537",syncline,"syncline, concealed",Y,"-9",certain,certain,05.05.07,,DAS01,,GEL537,"499.6273939078226"
"538",syncline,"syncline, concealed",Y,"-9",certain,certain,05.05.07,,DAS01,modified to match printed map,GEL538,"1098.543756755832"
"539",syncline,"syncline, concealed",Y,"-9",certain,certain,05.05.07,,DAS02,added line to match printed map,GEL539,"792.3250531024902"
"540",syncline,"syncline, concealed",Y,"-9",certain,certain,05.05.07,,DAS01,,GEL540,"1070.341184365148"
"541",syncline,"syncline, concealed",Y,"-9",certain,certain,05.05.07,,DAS01,,GEL541,"8166.030448670917"
"542",syncline,"syncline, concealed",Y,"-9",certain,certain,05.05.07,,DAS01,,GEL542,"1119.765661626486"
"543",syncline,"syncline, concealed",Y,"-9",certain,certain,05.05.07,,DAS02,added line to match printed map,GEL543,"809.2645221183753"
"544",syncline,"syncline, concealed",Y,"-9",certain,certain,05.05.07,,DAS01,,GEL544,"184.9200541300336"
"545",syncline,"syncline, concealed",Y,"-9",certain,certain,05.05.07,,DAS01,,GEL545,"794.002945545026"
"546",syncline,"syncline, concealed",Y,"-9",certain,certain,05.05.07,,DAS01,,GEL546,"3829.003850666802"
"547",syncline,"syncline, concealed",Y,"-9",certain,certain,05.05.07,,DAS01,,GEL547,"1382.581696176058"
"548",syncline,"syncline, concealed",Y,"-9",certain,certain,05.05.07,,DAS01,,GEL548,"2047.403902657692"
"549",syncline,"syncline, concealed",Y,"-9",certain,certain,05.05.07,,DAS01,,GEL549,"616.6712793244487"
"550",syncline,"syncline, concealed",Y,"-9",certain,certain,05.05.07,,DAS01,,GEL550,"1522.506029063818"
"551",syncline,"syncline, concealed",Y,"-9",certain,certain,05.05.07,,DAS01,,GEL551,"1612.332517449141"
"552",syncline,"syncline, concealed",Y,"-9",certain,certain,05.05.07,,DAS01,,GEL552,"1847.718325302557"
"553",syncline,"syncline, concealed",Y,"-9",certain,certain,05.05.07,,DAS01,,GEL553,"1299.071621171838"
"554",syncline,"syncline, concealed",Y,"-9",certain,certain,05.05.07,,DAS01,,GEL554,"1422.090973693851"
"555",syncline,"syncline, concealed",Y,"-9",certain,certain,05.05.07,,DAS01,,GEL555,"3903.264287370412"
"556",syncline,"syncline, concealed",Y,"-9",certain,certain,05.05.07,,DAS01,,GEL556,"669.078137527868"
"557",syncline,"syncline, concealed",Y,"-9",certain,certain,05.05.07,,DAS01,,GEL557,"773.3839744119937"
"558",syncline,"syncline, concealed",Y,"-9",certain,certain,05.05.07,,DAS01,,GEL558,"3164.382658131186"
"559",syncline,"syncline, concealed",Y,"-9",certain,certain,05.05.07,,DAS01,,GEL559,"877.6743049902807"
"560",syncline,"syncline, concealed",Y,"-9",certain,certain,05.05.07,,DAS01,,GEL560,"1007.699187146526"
"561","syncline, overturned","syncline, overturned, certain",N,"-9",certain,certain,05.07.17,,DAS01,modified to match printed map,GEL561,"3122.883555222168"
"562","syncline, overturned","syncline, overturned, certain",N,"-9",certain,certain,05.07.17,,DAS01,,GEL562,"1261.258877546458"
"563","syncline, overturned","syncline, overturned, certain",N,"-9",certain,certain,05.07.17,,DAS01,,GEL563,"4605.622960959537"
"564","syncline, overturned","syncline, overturned, certain",N,"-9",certain,certain,05.07.17,,DAS01,merged multiple lines into one,GEL564,"7245.026528349363"
"565","syncline, overturned","syncline, overturned, concealed",Y,"-9",certain,certain,05.07.23,,DAS01,merged multiple lines into one,GEL565,"4238.476304919262"
"566","syncline, overturned","syncline, overturned, concealed",Y,"-9",certain,certain,05.07.23,,DAS01,merged multiple lines into one,GEL566,"3266.613619650577"
"567","syncline, plunging","syncline, plunging, certain",N,"-9",certain,certain,05.10.07,,DAS01,modified to match printed map,GEL567,"1943.150802346308"
"568","syncline, plunging","syncline, plunging, certain",N,"-9",certain,certain,05.10.07,,DAS01,modified to match printed map,GEL568,"1910.96042182875"
"569","syncline, plunging","syncline, plunging, certain",N,"-9",certain,certain,05.10.07,,DAS01,modified to match printed map,GEL569,"1571.856332142358"
